Thaw Number,Thaw Name,YPC Number,BD Number
1,Sigma Andromedae,51,+35 44
2,Delta Piscium,158,+6 107
3,Epsilon Piscium,209,+7 153
4,Mu Cassiopeiae,219.00A,+54 223
5,Omicron  Piscium,368,+8 273
6,Beta Arietis,394,+20 306
7,39 Arietis,567,+28 462
8,37 Tauri,897.00A,+21 585
,,897.00B,
9,50 Persei,911,+37 882
10,Mu Geminorum,1475,+22 1304
11,Epsilon Geminorum,1567.00A,+25 1406
,,1567.00B,
12,Alcor,3066,+55 1603
13,Gamma Serpentis,3604,+16 2849
14,Sigma Coronae (prec),3689.00A,+34 2750
,,3689.00B,
,,3689.00C,
15,Sigma  Coronae (fol),,
,Mean,,
16,Gamma Herculis,3718,+19 3086
17,Lambda Ophiuchi,3755.00M,+2 3118
18,29 Herculis,3761,+11 3008
19,19 Draconis,3860,+65 1157
20,Lalande 31132,3877,+47 2419
21,Pi Herculis,3921,+36 2844
22,Lalande 31546,3943,+1 3421
23,72 Herculis,3946,+32 2696
24,Fedorenko 2895,3972,+67 1014
25,Omega Draconis,4036,+68 949
26,Beta Ophiuchi,4042,+4 3489
27,Xi Draconis,4093,+56 2033
28,Theta Herculis,4096,+37 2982
29,99 Herculis,4153,+30 3128
30,109 Herculis,4231,+21 3411
31,B.D. +6  3855,4284,+6 3855
32,Zeta Aquilae,4436,+13 3899
33,B.D. +16  3752,4456,+16 3752
34,Delta Aquilae,4542.00A,+2 3879
35,Zeta Cygni,5103,+29 4348
36,Iota Pegasi,5345,+19 4691
37,71 Cygni,5183,+45 3558
,,5187,
38,Epsilon Pegasi,5242,+9 4891
39,Xi Cephei (prec),5333.00A,+63 1802
,,5333.00B,
40,Xi Cephei (fol),5333.00A,+63 1802
,,5333.00B,
,Mean,,
41,Pi Pegasi,5364,+32 4652
42,Zeta Cephei,5372,+57 2475
43,Iota Lacertae,5393,+37 4526
44,3 Lacertae,5418,+51 3358
45,35 Pegasi,5428,+3 4710
46,7 Lacertae,5449,+49 3875
47,Eta Pegasi,5503.00A,+29 4741
,,5503.00B,
48,2 Andromedae,5580.00A,+41 4665
49,Kappa Piscium,,+0 4998
50,Omega Piscium,5795,+6 5227
51,Lambda Aurigae,1199,+39 1248
52,Omicron Aurigae,1312,+49 1398
53,4 Geminorum,1420.00A,+23 1232
54,Omicron Sigma 149,1535.00M,+27 1164
,,1535.00A,
,,1535.00B,
55,Xi Geminorum,1573,+13 1396
56,18 Monocerotis,1589,+2 1397
57,Tau Geminorum,1676,+30 1439
58,Delta Geminorum,1718.00A,+22 1645
,,1718.00B,
59,6 Canis Minoris,1770,+12 1567
60,Nu Geminorum,1788,+27 1424
61,Sigma Geminorum,,+29 1590
62,Kappa Geminorum,1824,+24 1759
63,13 Canis Minoris,1908,+2 1854
64,27 Lyncis,1920,+51 1391
65,31 Lyncis,1984,+43 1815
66,Sigma Hydrae,2059,+3 2026
67,Gamma Cancri,2080,+21 1895
68,Delta Cancri,2086,+18 2027
69,Theta Hydrae,2200,+2 2167
70,Kappa Leonis,2235,+26 1939
71,Sigma 2725 (brighter),4954.00A,+15 4251
,,4954.00B,
72,Sigma 2725 (fainter),4954.00A,+15 4251
,,4954.00B,
,Mean,,
73,Xi Cygni,5074,+43 3800
74,Tau Cygni,5114.00A,+37 4240
75,Iota Pegasi,5345,+24 4533
76,Epsilon Cephei,5392,+56 2741
77,5 Lacertae,5441,+46 3719
78,Mu Pegasi,5528,+23 4615
79,Beta 382,5551,+43 4331
80,Phi Pegasi,5771,+18 5231
81,Rho Cassiopeiae,5775,+56 3111
82,Alpha Arietis,436,+22 306
83,6 Persei,449,+50 481
84,73 Ceti,501,+7 388
85,86 Gamma Ceti,554.00A,+2 422
,,554.00B,
86,87 Mu Ceti,558,+9 359
87,17 Persei,581,+34 527
88,27 Kappa Persei,650,+44 631
89,B. D. + 33  619,683,+33 619
90,35 Sigma Persei,726,+47 843
91,74 Epsilon Tauri,987,+18 640
92,32 Nu Aurigae,1336,+39 1429
93,Iota Geminorum,1398,+23 1170
94,8 Monocerotis,1482.00A,+4 1236
,,1482.00B,
95,43 Zeta Geminorum,,+20 1687
96,54 Lambda Geminorum,1708.00M,+16 1443
97,6o Iota Geminorum,,+28 1385
98,17 Beta Cancri,1967,+9 1917
99,5 Beta Virginis,2739,+2 2489
100,67 Ursae Majoris,2774,+43 2179
101,42 Comae,3006.00M,+18 2697
,,3006.00A,
,,3006.00B,
102,8 Gamma Coronae,3555,+26 2722
103,16 Tau Coronae,3664,+36 2699
104,19 Xi Coronae,3723,+31 2845
105,B. D. + 31  2873,3778,+31 2873
,,3780,
106,40 Zeta Herculis,3799.00A,+31 2884
,,3799.00B,
107,B. D. + 0  3593,3837,+0 3593
108,65 Delta Herculis,3916,+25 3221
109,68 u Herculis,3927,+33 2864
110,26 Draconis,4013.00M,+61 1678
,,4013.00A,
,,4013.00B,
,,4013.00C,
111,84 Herculis,4046,+24 3237
112,86 Âµ Herculis,4060.00A,+27 2888
,,4060.00B,
,,4060.00C,
113,30 Draconis,4076,+50 2468
114,33 Gamma Draconis,4107,+51 2282
115,B. D. + 4  3589,4138,+4 3589
116,72 Ophiuchi,4147.00A,+9 3564
117,110 Herculis,4328,+20 3926
118,13 Theta Cygni,4611.00A,+49 3062
119,Beta 658,4638.00M,+26 3654
,,4638.00A,
120,15 Cygni,4641,+37 3586
121,37 Gamma Cygni,4857,+39 4159
122,58 Nu Cygni,5028,+40 4364
123,46 Xi Pegasi,5516.00A,+11 4875
124,47 Lambda Pegasi,5515,+22 4709
125,3 Andromedae,5586,+49 4028
126,7 Andromedae,5615,+48 3964
127,6 Gamma Piscium,5632,+2 4648
128,62 Tau Pegasi,5649,+22 4810
129,68 Nu Pegasi,5670,+22 4833
130,85 Pegasi,5807,+26 4734
131,Anonymous,4.00A,
,,4.00B,
,,4.00C,
,,4.00F,
132,Omicron Sigma 547 (prec.),4.00A,+45 4408
,,4.00B,
,,4.00C,
,,4.00F,
133,Omicron Sigma 547 (fol.),4.00A,
,,4.00B,
,,4.00C,
,,4.00F,
,Mean,,
134,Epsilon Andromedae,106,+28 103
135,Beta Trianguli,439,+34 381
136,54 Chi Orionis,1354,+20 1162
137,B. D. + 13  1036,1365,+13 1036
,,1366,
138,71 Orionis,1445,+19 1270
,,1446,
,,1447,
,,1449,
139,Kappa Aurigae,1448,+29 1154
140,56 Aurigae,1571,+43 1595
141,B. D. + 21  1596,1749,+21 1596
142,10 Ursa Majoris,2153.00A,+42 1956
,,2153.00B,
143,Mu Leonis,2338,+26 2019
144,B. D. + 4  3195,3753,+4 3195
145,41 Herculis,3805.00A,+6 3288
,,3806,
146,B. D. + 63  1439,4297,+63 1439
147,B. D + 10  3665,4340,+10 3665
148,B. D. + 17  3779,4390,+17 3779
149,Iota Cygni,4570,+51 2605
150,Omicron1 Cygni,4810,+46 2881
151,Omicron2 Cygni,4811.00M,+46 2882
,,4811.00A,
152,B. D. + 41  3799,4893,+41 3799
153,B. D. + 57  2240,4963,+57 2240
154,B. D. + 17  4519,5098,+17 4519
155,B. D. + 45  3561,5186,+45 3561
156,Rho Cygni,5200,+44 3865
157,B. D. + 53  2735,5301,+53 2735
158,B. D. + 56  2727,5376,+56 2727
159,Beta Pegasi,5583,+27 4480
160,Lambda Andromedae,5716,+45 4283
161,Chi Pegasi,38,+19 27
162,Nu Piscium,273,+26 220
163,Gamma Andromedae (prec),424.00A,+41 395
,,424.00B,
164,Gamma Andromedae (fol),424.00A,+41 395
,,424.00B,
,Mean,,
165,16 Persei,576,+37 646
166,Omicron Tauri,711,+8 511
167,40 Orionis,1285,+9 898
168,B. D. + 5  1168,1463.00A,+5 1168
169,8 Lyncis,1526,+61 893
170,B. D. + 21  1528,1672,+21 1528
171,18 Lyncis,1683,+59 1065
172,38 Lyncis,2214,+37 1965
173,35 Leonis,2410,+24 2207
174,Omicron Virginis,2789,+9 2583
175,8 Canum Ven.,2895,+42 2321
176,B. D. + 10  2637,3216,+10 2637
177,Xi Bootis,3360.00A,+19 2870
,,3360.00B,
,,3360.00C,
178,45 Bootis,3416,+25 2873
,,3419,
179,B. D. + 25  2874,3416,+25 2874
,,3419,
180,Sigma Serpentis,3716,+1 3215
181,B. D. + 8  3689,4236.00A,+8 3689
182,B. D. + 52  2294,4371,+52 2294
183,Sigma Cygni,5126,+38 4431
184,72 Cygni,5202,+37 4359
185,16 Cephei,5321,+72 1009
186,Beta Cassiopeiae,16,+58 3
187,Eta Cassiopeiae,155.00A,+57 150
,,155.00B,
188,Alpha Ceti,629,+3 419
189,Lambda Tauri,883.00A,+12 539
190,Zeta Aurigae,1127,+40 1142
191,16 Virginis,2842,+4 2604
192,Piazzi 243,2982,+19 2622
193,70 Virginis,3076,+14 2621
194,Tau Bootis,3144.00A,+18 2782
,,3144.00B,
195,Kappa Bootis (fainter),3235.00A,
,,3235.00B,
196,Kappa Bootis (brighter),3235.00A,+52 1782
,,3235.00B,
,Mean,,
197,Lambda Bootis,3246,+46 1949
198,Theta Bootis,3274.00A,+52 1804
,,3274.00B,
199,Beta Serpentis,3569.00A,+15 2911
,,3569.00B,
200,Groombridge 2354,3760,+48 2400
201,Eta Herculis,3803,+39 3029
202,Lalande 31528,3938,+9 3366
203,Beta Draconis,3982,+52 2065
204,Nu Draconis (prec.),3999.00A,+55 1944
,,3999.00B,
205,Nu Draconis (fol.),3999.00A,+55 1945
,,3999.00B,
,Mean,,
206,Piazzi 368,4145,+8 3581
207,Groombridge 2527,4181,+54 1950
208,Delta Draconis,4495,+67 1129
209,25 Aquilae,4501,+11 3790
210,Groombridge 2809,4511,+46 2658
211,16 Cygni (brighter),4634.00A,+50 2847
,,4634.00B,
212,16 Cygni (fainter),4634.00A,+50 2848
,,4634.00B,
,Mean,,
213,Kappa Pegasi,5250,+24 4463
,,5251,
214,4 Camelopardi,1057,+56 973
215,Omicron Ursae majoris,2010,+61 1054
216,36 Ursae majoris,2457,+56 1459
,,2459,
217,Groombridge 1658,2466,+41 2101
218,Gamma Comae Berenices,2868,+29 2288
219,Delta Virginis,2968,+4 2669
220,Beta 612,3120,+11 2589
221,Piazzi 194,3140.00A,+7 2690
,,3140.00B,
222,B. D. + 7  2692,,+7 2692
,Mean,,
223,Rho Bootis,3291,+31 2628
224,Epsilon Bootis (prec.),3336.00A,+27 2417
,,3336.00B,
225,Epsilon Bootis (fol.),3336.00A,+27 2417
,,3336.00B,
,Mean,,
226,Beta Bootis,3399,+40 2840
227,Delta Bootis,3449.00A,+33 2561
,,3449.00B,
228,5 Serpentis,3457.00A,+2 2944
229,Iota Draconis,3490,+59 1654
230,Lambda Serpentis,3570,+7 3023
231,Delta Coronae Borealis,3585,+26 2737
232,Kappa Coronae Borealis,3592,+36 2652
233,Groombridge 3100 (prec.),4814.00A,+52 2657
,,4814.00B,
234,Groombridge 3100 (fol.),4814.00A,
,,4814.00B,
,Mean,,
235,611 Cygni,5077.00A,+38 4343
,,5077.00B,
236,612 Cygni,5077.00A,+38 4344
,,5077.00B,
,Mean,,
237,Delta Andromedae,108,+30 91
238,Zeta Andromedae,151,+23 106
239,Mu Andromedae,189,+37 175
240,28 Cassiopeiae,186,+58 138
241,Eta Andromedae,191,+22 153
242,Chi Piscium,244,+20 172
243,Zeta Piscium (prec.),,+6 174
244,Zeta Piscium (fol.),,+6 175
,Mean,,
245,38 Cassiopeiae,303,+69 102
246,Eta Piscium,314,+14 231
247,Chi Cassiopeiae,319,+58 260
248,Upsilon Persei,335,+47 467
249,Nu Piscium,353,+4 293
250,65 Andromedae,490,+49 656
251,Theta Persei,549.00A,+48 746
,,549.00B,
252,Zeta Arietis,672,+20 527
253,Nu Persei,784,+42 815
254,Nu Tauri,892,+5 581
255,Beta 883,1084.00M,+10 654
,,1084.00A,
256,Tau Aurigae,1325,+39 1418
257,Lalande 11471,1402,+35 1334
258,Beta 895,1469,+28 1078
259,6 Lyncis,1499,+58 932
260,Piazzi 305,1647,+29 1441
261,Alpha Geminorum (prec.),1785.00M,
,,1785.00A,
,,1785.00B,
,,1785.00C,
262,Alpha Geminorum (fol.),1785.00M,
,,1785.00A,
,,1785.00B,
,,1785.00C,
,Mean,,+32 1581
263,Omicron  Geminorum,1800,+34 1649
264,Lalande 15565,1889,+29 1664
265,14 Cancri,1936,+25 1865
266,18 Cancri,1979,+27 1589
267,4 Ursae Majoris,2050,+64 698
268,55 Cancri,2117.00A,+28 1660
269,Zeta Hydrae,2134,+6 2060
270,11 Leonis Minoris,2280.00A,+36 1979
271,78 Ursae Majoris,2986,+57 1408
272,59 Virginis,3034,+10 2531
273,24 Bootis,3284,+50 2084
274,Groombridge 2152,3348,+38 2593
275,Alpha Serpentis,3557,+6 3088
276,Epsilon Serpentis,3587,+4 3069
277,39 Serpentis,3595,+13 3024
278,Rho Coronae Borealis,3626,+33 2663
279,Lalande 29437,3659,+6 3169
280,Sigma 2107,3836.00M,+28 2624
,,3836.00A,
281,Groombridge 2389,3848,+43 2659
282,Lalande 31065,3881,+0 3629
283,Alpha Herculis (prec.),3912.00A,
,,3912.00B,
284,Alpha Herculis (fol.),3912.00A,
,,3912.00B,
,Mean,,+14 3207
285,Beta 637,,+3 3613
286,Alpha Trianguli,390,+28 312
287,Gamma Persei,632.00A,+52 654
288,Lalande 6772,768,+42 812
,,769.00A,
,,769.00B,
289,104 Tauri,1152.00M,+18 779
,,1152.00A,
290,18 Camelopardi,1245,+57 889
291,Groombridge 990,1274,+51 1094
292,Piazzi 146,1289.00A,+53 934
,,1291,
293,Lalande 10797,1314,+37 1312
294,Delta Aurigae,1367,+54 970
295,Lalande 16933,2052,+26 1816
296,81 Cancri,2193.00A,+15 2003
297,Theta Ursae Majoris,2266,+52 1401
298,Lalande 18721,2269,+27 1775
299,20 Leonis Minoris,2366,+32 1964
300,Groombridge 1603,2374.00A,+38 2096
,,2374.00B,
301,37 Ursae Majoris,2472,+57 1277
302,47 Ursae Majoris,2556,+41 2147
303,Lalande 22908,2814,+11 2439
304,10 Canum Venaticorum,2935,+40 2570
305,Lalande 23900,2945,+25 2568
306,Piazzi 200,3138,+56 1683
307,B. D. +19  2881,3367,+19 2881
308,Lalande 27922,3460,-8 3949
309,Groombridge 2273. . . .,3571,+53 1806
310,12 Ophiuchi,3773,-2 3220
311,35 Draconis,4105,+76 667
312,B. D. +8  3692,4236.00B,+8 3692
313,Weisse 1064,4314.00A,+31 3330
,,4314.00B,
314,Lalande 39866,4920.00M,+4 4510
,,4920.00A,
,,4920.00B,
315,56 Cygni,4984,+43 3739
316,Fedorenko 3638,5020,+74 889
317,Nu Pegasi,5331,+4 4800
318,Delta Cephei,5443.00A,+57 2548
,,5443.00C,
319,Iota Cephei,5532,+65 1814
320,Piazzi 267,5819,+33 4828
321,Sigma 42 (brighter),98.00M,
,,98.00A,
,,98.00B,
322,Sigma 42 (fainter),98.00M,
,,98.00A,
,,98.00B,
,Mean,,+29 105
323,54 Piscium,110,+20 85
324,55 Piscium,113.00A,+20 87
,,113.00B,
325,Lalande 1045,116,+39 154
326,Beta Andromedae,238,+34 198
327,Piazzi 142,350,+41 328
328,9 Lambda Arietis,407,+22 288
329,8 Delta Trianguli,464,+33 395
330,Piazzi 123,520.00M,+6 398
,,520.00A,
,,520.00B,
331,10 Tauri,753,+0 572
332,38 Omicron Persei,776,+31 642
333,Groombridge 864,1032,+41 931
334,Companion to Capella,1193.00A,
,,1193.00B,
335,Eta Geminorum,1444,+22 1241
336,Lalande 12293,1498,+36 1442
337,19 Lyncis (fainter),1724.00A,
,,1724.00B,
338,19 Lyncis (brighter),1724.00A,
,,1724.00B,
,Mean,,+55 1192
339,Omicron Leonis,2299.00M,+36 2044
,,2299.00A,
340,60 Leonia,2572,+20 2547
341,Piazzi 40,2836,+17 2462
342,Lalande 24414,3002,+6 2697
343,Sigma 2106,3832.00M,+9 3287
,,3832.00A,
344,Sigma 2128,3886.00A,+59 1783
,,3886.00B,
345,Weisse 1805,4127.00M,+26 3151
346,Lalande 33439,4171,+38 3095
347,111 Herculis,4336,+18 3823
348,31 b Aquilae,4541,+11 3833
349,38 Mu Aquilae,4579,+7 4132
350,Groombridge 2875,4581,+58 1929
351,Lalande 37120,4585,+32 3474
352,17 Cygni,4654.00A,+33 3587
,,4654.00B,
353,Lalande 38383,4762,+22 3908
354,Lalande 38380,4759,+29 3872
355,Groombridge 3243,4914,+42 3807
356,Oeltzen 21338,5010,+61 2068
,,5012,
357,Lalande 40848,5061.00A,+45 3371
,,5064,
358,Beta 1138,5061.00A,+45 3374
,,5064,
359,Lalande 41685,5161,+0 4726
360,Lalande 41818,5179,+11 4578
361,Lalande 42286,5233,+26 4237
362,Mu Cephei,5252,+58 2316
363,Lalande 42843,5306,+3 4644
364,Lalande 43492,5398,+12 4797
365,Piazzi 218,5772.00A,+74 1047
366,22 Andr,20,+45 17
367,Lal 617,76,+9 47
368,Phi Pisc,,+23 158
369,Omega Andr.,298,+44 307
370,Piazzi 145,351,+25 276
371,Lal 4268,473,+1 410
372,Lal 5376,603.00M,+26 484
,,603.00A,
,,603.00B,
,,603.00C,
373,Mayer 120,743,+17 575
374,Lal 7036,848,+60 762
,,850.01,
375,Omega Sigma 531,,+37 878
376,49 Persei,910,+37 881
377,Lal 8248,975,+46 884
378,Bradley 671,1113,+66 370
379,Piazzi 294,,+46 970
380,Lal 11499,1400,+14 1136
381,Lal 11774,,+6 1155
382,Lal 13942,1687,+47 1419
383,Rho Gemi,1760.00A,+32 1562
384,Weisse 1029,1823,+39 1998
385,25 Cancri,1999,+17 1842
386,Gr. 1678,2505,+46 1657
,,2507,
387,Sigma 1774,3125.00A,+51 1859
,,3125.00B,
388,Rho Herc,3953.00A,+37 2878
,,3953.00B,
389,Lal 32151,3988,+63 1358
390,Beta 1251,4037,+16 3256
391,Beta 1255,4395,+48 2793
392,Beta Sagittae,4624,+17 4048
393,Lal 38287,4747,+15 4026
394,Munich 25146,4896,+5 4556
395,Bradley 2725,5027,+48 3249
396,34 Vulpec,5142,+23 4294
397,Gr. 3703,,+50 3602
398,14 Andr,5691,+38 5023
399,27 Pisc,5793,-4 5996
400,Omega Sigma 18 (Br),123.00M,+3 93
401,Mu Pisc,309,+5 194
402,1 Arietis,380.00A,+21 243
,,380.00B,
403,1 Arietis,380.00A,+21 243
,,380.00B,
,Mean (Sigma 174),,
404,Eta Persei (Br),573,+55 714
405,Kappa Ceti,691,+2 518
406,Sigma 422,751.00A,+0 616
,,751.00B,
407,Sigma 422,751.00A,+0 616
,,751.00B,
,Mean,,
408,Pi 3 Orionis,1077,+6 762
409,i Tauri.,1083,+18 743
410,Iota Aurigae,1100,+32 855
411,Epsilon Aurigae,1122.00A,+43 1166
,,1122.00C,
412,P. M. 572,1241.00A,+54 902
,,1241.00B,
413,Psi 7 Aurigae,1593,+41 1536
414,Psi 8 Aurigae,1602.00M,+38 1636
415,Rumk 2024,1616.00A,+40 1758
,,1616.00B,
,,1618,
416,B.D. + 40  1759,1616.00A,+40 1759
,,1616.00B,
,,1618,
417,Lal 13784,,+15 1473
418,Lal 13791,,+15 1476
,Mean,,
419,20 1 Lyncis,1721.00A,+50 1420
,,1721.00B,
420,20 2 Lyncis,1721.00A,+50 1420
,,1721.00B,
,Mean (Sigma 1065),,
421,Sigma 1093,1759.00M,+50 1436
422,14 Can. Min,1884,+2 1833
423,Lal 15547,1886,+21 1731
424,Fed 1217,1901,+68 518
425,Groom 1437,2001,+46 1398
426,Lal 16616,2018,+51 1431
427,Iota Cancri,2091.00A,+29 1823
,,2091.00B,
428,Iota Cancri,2091.00A,+29 1824
,,2091.00B,
,Mean (Sigma 1268),,
429,Lal 17480,2118,+8 2134
430,Lal 18397,2230,+40 2197
431,h 23 Urs. Maj,2253,+63 845
432,Lal 20881,2525,+21 2247
433,Groom 1930,2946,+61 1320
434,Lal 25288,3128,+9 2798
435,Lal 26289,3264,+1 2920
436,A 570 (Mean),3293,+27 2388
437,H 2752 (Br),3362,+45 2228
438,Lal 27742,,
439,Lal 27743,,
,Mean (Sigma 1919).,,+19 2939
440,Mu 1 Bootis,3483.00A,+37 2636
,,3483.00B,
441,Delta Serpentis,3517.00A,
,,3517.00B,
442,Delta Serpentis,3517.00A,
,,3517.00B,
,Mean (Sigma 1954),,+11 2821
443,Chi Herculis,3596,+42 2648
444,m1 36 Herculis,3788.00A,+4 3234
,,3788.00B,
445,m2 37 Herculis,3788.00A,+4 3235
,,3788.00B,
,"Mean(Sigma 31, Ap1)",,
446,Epsilon Herculis,3865,+31 2947
447,Lal 31174,,+4 3336
448,Psi 1 Draconis,4069.00A,+72 804
,,4069.00B,
449,Psi 2 Draconis,4069.00A,+72 805
,,4069.00B,
,Mean (Sigma 2241),,
450,Zeta 1 Lyrae,4327.00A,+37 3222
,,4327.00D,
451,Zeta 2 Lyrae,4327.00A,+37 3223
,,4327.00D,
,Mean,,
452,W2 18h 979,4296,+28 3039
453,Lal 35248,4381,-5 4811
454,3 Cygni,4545,+24 3737
455,Chi Aquilae (M),4629.00M,+11 3955
,,4629.00A,
456,Gamma Aquilae,4645.00A,+10 4043
457,Delta Sagittae,4658.00M,+18 4240
,,4658.00A,
458,Epsilon Draconis (Br),4689.00A,+69 1070
459,24 Vulpeculae,4828,+24 4075
460,Groom. 3196,4879,+45 3196
461,Lal 39956,4932.00A,+19 4484
,,4932.00B,
462,Delta Equulei(Mean),,+9 4746
463,Alpha Cephei,5139,+61 2111
464,B. D. +32  4134,5148,+32 4134
465,Omega Sigma 455 (Br),5303.00A,+15 4528
,,5303.00B,
466,Zeta 1 Aquarii,,
467,Zeta 2 Aquarii,,
,Mean (Sigma 2909),,+0 4365
468,55 Pegasi,5596,+8 4997
469,Gamma Cephei,5725,+76 928
470,Sigma 16,44.00A,+53 31
,,44.00B,
471,10 Arietis,425,+25 341
472,9H Camelop,859,+60 768
473,55 Tauri,955,+16 579
474,OmegaSigma 82,964.00A,+14 690
475,Pi 256,1355,+31 1139
476,74 Orionis,1459,+12 1084
477,Gr. 1214,1566.00A,+40 1696
478,Theta Gem,1601,+34 1481
479,15 Lyncis,1611,+58 982
480,Lal 15394,1869,+19 1869
481,7 Sextantis,2337,+3 2280
482,Zeta Leonis,2412,+24 2209
483,Gamma 1 Leonis,2420,
,,2423.00A,
,,2423.00B,
484,Gamma 2 Leonis,2420,
,,2423.00A,
,,2423.00B,
,Mean,,+20 2467
485,88 Leonis,2665.00A,+15 2345
,,2665.00B,
486,Lal 21947,2673,+37 2195
487,61 Urs. Maj.,2699,+35 2270
488,44 Bootis,3410.00A,
,,3410.00B,
489,44 Bootis,3410.00A,
,,3410.00B,
,Mean,,+48 2259
490,Psi Serp,,+2 2989
491,Sigma 2052,3745.00M,+18 3182
,,3745.00A,
492,Mu Drac,,
493,Mu Drac,,
,Mean,,+54 1857
494,Lal 34496,4277,+34 3239
495,Weisse 1339,4351,+34 3326
496,11 Aquilae,4403,+13 3841
497,Sigma 2481 B.C.,,
498,Sigma 2481 A,,
,Mean,,+38 3466
499,Pi 233,4616,+48 2922
500,Omicron Aquilae,4670.00A,+10 4073
501,Pi 306,4678,+11 4019
502,Omega Sigma 389,4681.00M,+30 3779
,,4681.00A,
,,4681.00C,
503,Weisse 1190,4697.00A,+1 4134
,,4697.00B,
504,Weisse 1196,4697.00A,+1 4135
,,4697.00B,
505,Eta Cygni,4716,+34 3798
506,27 Cygni,4774,+35 3959
507,Lal 38613,,+16 4166
508,Gr. 3150,4849,+66 1281
509,Iota Delph,4876,+10 4303
510,Kappa Delph,4912,+9 4600
,,4918,
511,Gamma 1 Delph,4958.00A,
,,4958.00B,
512,Gamma 2 Delph,4958.00A,
,,4958.00B,
,Mean,,+15 4255
513,Omega Sigma 447,5226.00A,+41 4224
,,5226.00E,
514,Omega Sigma 447,5226.00A,+41 4225
,,5226.00E,
,Mean,,
515,Omega Sigma (App.) 226,5297.00B,+67 1370
516,Omega Sigma (App.) 226,5297.00B,+67 1372
,Mean,,
517,Lal 43751,5417,+37 4560
518,Fed 4220,5478.00M,+72 1050
,,5478.00A,
,,5478.00B,
,,5478.00D,
519,Fed 4221,5478.00M,+72 1051
,,5478.00A,
,,5478.00B,
,,5478.00D,
,Mean,,
520,Omega Sigma 478,5507.00A,+38 4855
,,5507.00B,
521,Omicron Pegasi,5539.00A,+9 5122
522,Pi Cephei,5607,+74 1006
523,70 Pegasi,5686,+11 5009
524,72 Pegasi,5698,+30 4978
525,Lamda Piscium,5734,+0 5037
526,Anonymous,5738,
527,Lal 7116,846,+22 583
528,Lal 8758,1035,+37 954
529,Lal 11870,,+2 1163
530,58 Cancri,2131,+28 1666
531,Mu Virginis,3325,-5 3936
532,Lal 33251,,+33 3019
533,Theta Cass,241,+54 236
534,33 Arietis,539,+26 443
535,Rho Tauri,1003,+14 720
536,Lal 10262,1240.00A,+12 801
,,1240.00B,
537,Gr. 1216,1568,+44 1528
538,Rad 1805,1574.00A,
,,1574.00B,
539,Rad 1806,1574.00A,
,,1574.00B,
,Mean Sigma 958,,+55 1122
540,Lal 16469,,+0 1987
541,Sigma 1311,,
542,Sigma 1311,,+23 2048
,Mean,,
543,Lamda Leonis,2264,+23 2107
544,22 Leonis,2333,+25 2169
545,Nu Urs. Maj.,2626,+33 2098
546,Lambda Drac,2661,+70 665
547,Nu Virginis,2720,+7 2479
548,Sigma 1678,2937,+15 2503
,,2938,
549,Sigma 1678,2937,+15 2504
,,2938,
550,Sigma 1788,3173,-7 3728
551,Beta 1270,3203,+9 2842
552,Beta 1085,3384.00A,-4 3783
,,3384.00B,
553,W1 583,3532,+10 2886
554,L Bo 2294,3574,+2 3001
555,Xi 2 Scorpii,3636.00M,-10 4237
,,3636.00A,
,,3636.00B,
,,3636.00C,
,,3637.00M,
,,3637.00A,
,,3637.00B,
556,Phi Herc,3667,+45 2376
557,49 Serp,3681.00M,
,,3681.00A,
,,3681.00B,
558,49 Serp,3681.00M,
,,3681.00A,
,,3681.00B,
,Mean Sigma 2021,,+13 3091
559,Eta Drac,3740.00M,+61 1591
,,3740.00B,
560,W1 906,3844,-8 4352
,,3845.00M,
,,3845.00A,
,,3845.00D,
561,c Herc,3894,+36 2827
562,Gr 2433,3937,+60 1743
563,Lal 32025,3963,+73 767
564,Lal 31842,3966,+26 3023
565,Alpha Ophiuc,4000,+12 3252
566,Lal 32769,4066,+72 803
567,Lal 32664,4079,-7 4517
568,Lal 33193,,+30 3113
569,40 Drac,4176.00A,+79 570
,,4176.00B,
570,41 Drac,4176.00A,+79 571
,,4176.00B,
,Mean Sigma 2308,,
571,36 Drac,4200,+64 1252
572,Lal 34175,4254,-1 3500
573,Beta 971,4347,+49 2871
574,Beta 648,4399.00M,+32 3267
,,4399.00A,
,,4399.00B,
575,17 Lyrae,4458,+32 3326
576,Gr 2789,,
577,Dorpat 2258,,
,Mean Sigma 2486,,+49 2959
578,Alpha Vulpec,4557,+24 3759
579,8 Vulpec,4558,+24 3761
580,Pi 182,,+0 3788
581,15 Sagittae,4760,+16 4121
,,4761.00A,
,,4761.00B,
,,4761.00C,
582,Theta Sagittae,4785.00A,+20 4453
,,4785.00B,
,,4786,
383,Sigma 2671,4847.00A,
,,4847.00B,
584,Sigma 2671,4847.00A,
,,4847.00B,
,Mean,,+54 2329
585,39 Cygni,4860,+31 4062
586,Gr 3263,4936,+59 2272
587,4 Equulei,5071,+5 4697
588,Pulk 55 3131,5167,+48 3390
589,29 Pegasi,5197.00A,
,,5197.00B,
590,29 Pegasi,5197.00A,
,,5197.00B,
,Mean Sigma 2804,,+20 4955
591,Brad 3077,,+56 2966
592,Brad 3094,5645,+47 4114
593,Lal 1677,195,+31 153
594,37 Ceti,253.00A,-8 216
,,253.00B,
595,Pi 171,375,+31 316
596,48 Cass,412,+70 153
597,64 Ceti,444,+7 347
598,Lal 5490,627.00A,+61 513
599,Sigma Aurigae,1223,+37 1175
600,75 Orionis,1461.00A,+9 1173
601,63 Aurigae,1675,+39 1882
602,51 Gem,1684,+16 1417
603,65 Aurigae,1728,+37 1707
604,65 Gem,1767.00A,+28 1400
605,68 Gem,1784,+16 1510
606,Lal 15307,1866,+50 1489
607,Lal 15882,,+35 1767
608,Lal 16530,2000,+8 2053
609,Sigma 1245,2048.00A,+7 1997
,,2048.00B,
610,7 Leonis,2281,+15 2077
611,Lal 19022,2304,+43 1953
612,Lal 19449,2354.00A,+20 2399
,,2354.00B,
613,,2354.00A,+20 2400
,,2354.00B,
,Mean,,
614,Nu Bootis,3506,+41 2609
615,Iota Serp,3548,+20 3138
616,Lal 29439,,+39 2950
617,Lal 29917,3712.00A,+67 935
,,3712.00B,
618,Gr 2624,4300,+42 3123
619,Gr 2686,4359,+38 3327
620,"Pi 18h, 273",4376,+74 792
621,Pi Drac,4540,+65 1345
622,Lal 37272,4600,+50 2815
623,Phi Cygni,4618,+29 3684
624,Alpha Sagittae,4619,+17 4042
625,Psi Cygni,4719,+52 2572
626,15 Vulpec,4744,+27 3587
627,47 Cygni,4894,+34 4079
628,29 Vulpec,4910,+20 4658
629,Omega Sigma 411,4941,+45 3245
630,31 Vulpec,4994,+26 4017
631,63 Cygni,5082,+47 3292
632,2 Pegasi,5180,+23 4325
633,74 Cygni,5210,+39 4612
634,14 Pegasi,5274,+29 4525
635,14 Cephei,5324,+57 2441
636,Piazzi 405,,+44 4043
637,Lal 43671-2,5414,+8 4856
638,Kappa Aquarii,5471,-4 5716
639,9 Lacertae,5477,+50 3770
640,Rho Pegasi,5557,+8 4961
641,Rad 5911,5576,+56 2923
642,Brad 3109,5662,+31 4901
643,,,
644,Xi Ursae Majoris,,
645,Xi Ursae Majoris,,
,Mean,2625.00M,+32 2132
,,2625.00A,
,,2625.00C,
646,Alpha Orion,1362,+7 1055
647,Theta Aurigae,1377,+37 1380
648,38 Gem,1613.00A,+13 1462
,,1613.00B,
649,Lal 13792,,+25 1594
650,P.G.C. 2006,1804,+48 1561
651,Epsilon Hydrae,2096,+6 2036
652,37 Leo Min,2488,+32 2061
653,54 Herc,3851,+18 3266
654,"W, 17h, 517",3995.00A,+6 3455
,,3996,
655,Bu 8068A,3995.00A,+6 3456
,,3996,
656,Barnard's Star..,4097,
,,4098,
657,Xi Herc,4106,+29 3156
658,70 Ophiuc,4137.00M,+2 3482
,,4137.00A,
,,4137.00B,
659,Gr 2571,4248,+45 2716
660,Kappa Cygni,4513,+53 2216
661,Beta 1 Cygni,4567.00A,+27 3410
,,4567.00B,
662,Beta 2 Cygni,4567.00A,+27 3411
,,4567.00B,
663,Beta Aquilae,4705.00A,+6 4357
664,Gamma Sagittae,4731,+19 4229
665,Epsilon Cygni,4959.00A,+33 4018
666,Eta Cephei,4966,+61 2050
667,P.G.C. 5511,5163,+46 3305
668,Omicron Cephei,5643.00M,+67 1514
,,5643.00A,
,,5643.00B,
669,Kappa Andr,5728,+43 4522
670,Lal 1299,156,+4 123
671,Wolf 28,156.01,
672,"Weisse 3h, 113",,+8 482
673,Omicron 2 Eridani,945.00A,-7 780
,,945.00B,
,,945.00C,
674,Delta 1 Tauri,965,+17 712
675,132 Tauri,1328,+24 970
676,136 Tauri,1345,+27 899
677,38 Aurigae,1388,+42 1473
678,Psi Aurigae,1476,+49 1488
679,17 Monoc,1588,+8 1496
680,56 Gem,1730,+20 1775
681,74 Gem,1803,+18 1701
682,Alpha Lyncis,2223,+35 1979
683,Lal 19267,2327,+11 2108
684,Lal 19821,2395,+24 2193
685,Lal 20253,2448,+20 2488
686,6 Comae,2826,+15 2436
687,Lal 24760,3049,+38 2431
688,69 H. Urs. Maj.,3078,+60 1461
689,Rad 3328,,+55 1730
690,Lal 29644,,+39 2963
691,Nu 1 Cor. Bor,3725.00A,+34 2773
692,Nu 2 Cor. Bor,3727,+34 2774
693,Beta Herc,3754.00A,+21 2934
694,Lal 30189,3769,+9 3230
695,51 Herc,3835,+24 3069
696,e Ophiuc,3931,+11 3156
697,Lambda Herc,3978,+26 3034
698,42 Drac,4258,+65 1271
699,R Scuti,4334,-5 4760
700,Lal 35346,4389,+23 3500
701,Lal 36268,4492.00M,+14 3852
,,4492.00A,
,,4492.00B,
702,4 Cygni,4553,+36 3557
703,Lal 36921,4559,+34 3566
704,"W2 19h, 721",4562,+31 3618
705,Lal 37074,4577,+27 3428
706,9 Cygni,4592,+29 3651
707,Zeta Sagittae,4660.00M,+18 4254
,,4660.00A,
708,Eta Aquilae,4679,+0 4337
709,T Cygni,4965.00A,+33 4028
,,4965.00B,
710,Lal 40604,5026,+42 3915
,,5027.01,
711,B.D. +3  4492,5057,+3 4492
712,"Weisse 20h, 1453",5062,+3 4493
713,35 Vulpec,5168,+26 4164
714,Sigma 57,5207.00A,+66 1415
,,5207.00B,
715,Sigma 57,5207.00A,+66 1416
,,5207.00B,
,Mean,,
716,"Pi 22h, 195",5495,+13 4974
717,Brad 3054,5585,+66 1575
718,6 Andr,5611,+42 4592
719,Mayer 968,5688,-5 5999
720,47 Piscium,73,+17 55
721,Alpha Cass,114,+55 139
722,Phi Cass,271,+57 260
723,Lal 3972,,+56 449
724,84 Ceti,543.00M,-1 377
,,543.00A,
725,Omega Persei,655,+39 724
726,Gamma Camel,802,+70 259
727,Mu Persei,929.00A,+48 1063
,,929.00C,
728,58 Persei,1011.00A,+40 1000
729,111 Tauri,1224,+17 920
730,56 Orion,1349,+1 1151
731,40 Aurigae,1403,+38 1377
732,"W1 6h, 1500",1627,+1 1600
733,64 Gem,1764,+28 1396
734,76 Gem,1822,+26 1633
735,Lal 17050,2066.00A,+6 2007
,,2066.00B,
736,Lal 17053,2066.00A,
,,2066.00B,
,Mean,,
737,Fed 1466,2211,+65 703
738,Pi 96,2469,+49 1966
739,65 Leonis,2584,+2 2387
740,23 Comae,2900,+23 2475
741,82 Virginis,3126,-7 3674
742,Mayer 576,3304,-11 3770
743,Omicron Bootis,3337,+17 2780
744,110 Virginis,3398,+2 2905
745,Lal 28017,3455,+67 876
746,5 Herc,3625,+18 3101
747,Delta Ophiuc,3684,-3 3903
748,42 Herc,3792,+49 2531
749,60 Herc,3882,+12 3142
750,Lal 31478,3933,-7 4427
751,Zeta Serp,4109,-3 4217
752,Omicron Herc,4154,+28 2925
753,Brad 2293,4194,-3 4263
754,Kappa Lyrae,4216,+36 3094
755,45 Drac,4276,+56 2113
756,Lal 35488,4404,+29 3423
757,Gamma Lyrae,4407,+32 3286
758,12 Aquilae,4414,-5 4840
759,23 Aquilae,4506,+0 4168
760,Nu Aquilae,4546.00A,+0 4206
761,Sigma Drac,4607,+69 1053
762,13 Vulpec,4696,+23 3820
763,Lal 38683,,+15 4074
764,41 Cygni,4875,+29 4057
765,52 Cygni,4952,+30 4167
766,Epsilon Aquarii,4960,-10 5506
767,Alpha Equulei,5115.00A,+4 4635
768,Gr 3436,5145.00A,+52 2916
,,5145.00B,
769,Gr 3436,5145.00A,+33 --
,,5145.00B,
,Mean,,
770,12 Pegasi,5257,+22 4472
771,Lal 42883,5310.00A,+29 4550
772,32 Aquarii,5325,-1 4242
773,Brad 2935,,+82 673
774,Gr 3709,,+82 674
,Mean,,
775,37 Pegasi,5440.00M,+3 4713
,,5440.00A,
,,5440.00B,
776,Lambda Aquarii,5540,-8 5968
777,56 Pegasi,5597,+24 4716
778,57 Pegasi,5605.00A,+7 4981
779,59 Pegasi,5612,+7 4991
780,38 Ceti,254,-1 162.0
781,Theta Ceti,286,-8 244.0
782,107 Pisc,356,+19 279.0
783,6 Tria,447.00A,+29 371.0
,,447.00B,
784,7 Taur,744.00A,+23 473.0
785,Lal 11218,1368,+15 993.0
786,Lal 15743,1916.00M,+12 1759.0
,,1916.00B,
,,1916.00C,
787,14 Boot,3233,+13 2764.0
788,Pi 69,3266.00A,+9 2882.0
,,3266.00B,
789,Lal 26635,3303,-3 3648.0
790,Lal 29330,,+11 2910.0
791,Lal 31822,3962,+31 3027.0
,,3964,
792,Dpt 1949 m,,+0 3300.0
793,Lal 33243,,+15 3358.0
794,Lal 34435,4268,+44 2919.0
795,Beta Scut,4332,-4 4582.0
796,Omicron Drac,4374,+59 1925.0
797,113 Herc,4378.00M,+22 3524.0
,,4378.00A,
798,Theta Lyra,4498,+37 3398.0
799,Zeta Dlph,4898,+14 4353.0
800,71 Agil,4908,-1 4016.0
801,Delta Dlph,4938,+14 4403.0
802,30 Vulp,4950,+24 4229.0
803,77 Cygn,5239,+40 4615.0
804,11 Ceph,5254,+70 1193.0
805,34 Pegs,5425.00A,+3 4705.0
806,64 Pisc,159,+16 76.0
807,Polaris,299,+88 8.0
808,A Oe 2618,475,+70 169.0
809,SU Cass,572,+68 200.0
810,36 Pers,737,+45 778.0
811,Delta Pers,765,+47 876.0
812,52 Pers,931,+40 912.0
813,Eta Auri,1139,+41 1058.0
814,133 Taur,1322,+13 979.0
815,5 Mono,1452,-6 1469.0
816,RT Auri,1500,+30 1238.0
817,1 C Min,1743,+11 1578.0
818,81 Gemi,1833,+18 1733.0
819,Lal 17161,2082,+42 1922.0
820,Lal 19229,2323,+14 2151.0
821,Eta Leon,2380,+17 2171.0
822,62 Urs. Maj,2703,+32 2179.0
823,17 Virg,2849,+6 2599.0
824,37 Coma,2981,+31 2434.0
825,17 H CVen,3104,+37 2426.0
826,Sigma Boot,3300,+30 2536.0
827,Omega  Boot,3395,+25 2861.0
828,Beta Cor B,3495.00M,+29 2670.0
,,3495.00A,
,,3495.00B,
829,Rho Serp,3590,+21 2829.0
830,Epsilon Ophi,3696,-4 4086.0
831,43 Herc,3813,+8 3271.0
832,Lal 31313,,+40 3109.0
833,49 Ophi,3960,+4 3422.0
834,96 Herc,4125,+20 3649.0
835,104 Herc,4180,+31 3199.0
836,Delta Scut,4311,-9 4796.0
837,Beta 1 Lyra,4353.00A,+33 3223.0
838,Theta 1 Serp,4387.00A,+4 3916.0
,,4387.00B,
839,Theta 2 Serp,4387.00A,+4 3916.0
,,4387.00B,
,Mean,,
840,Epsilon Aqil,,+14 3736.0
841,21 Aqil,,+2 3824.0
842,53 Drac,4484,+56 2209.0
843,26 Aqil,4519,-5 4936.0
844,36 Aqil,4560,-3 4612.0
845,Lal 37728,4659,+27 3516.0
846,68 Drac,4807,+61 1983.0
847,T Vulp,4990,+27 3890.0
848,Mu Aqar,4992,-9 5598.0
849,Beta Ceph,5192.00A,+69 1173.0
,,5192.00B,
850,Xi Aqar,5208,-8 5701.0
851,9 Pegs,5248,+16 4582.0
852,Lamda Ceph,,+58 2402.0
853,Epsilon 2923,5463.00A,+69 1263.0
854,Theta Pisc,5682,+5 5173.0
855,15 Andr,5702,+39 5114.0
856,Lal 47226,,+7 5128.0
857,Grb 410,409,+74 91.0
858,Comp Gamma Ceti,548,+2 418.0
859,Gamma Ceti,554.00A,+2 422.0
,,554.00B,
860,63 Arie,706,+20 551.0
861,88 Taur,1015,+9 607.0
862,90 Taur,1022,+12 618.0
863,29 Orio,1226,-7 1064.0
864,1 Lync,1443,+61 869.0
865,66 Auri,1733,+40 1852.0
866,Eta C Min,1763,+7 1729.0
867,Lal 16904,2057,+56 1322.0
868,Lal 17081,2073,+34 1885.0
869,75 Canc,,+27 1715.0
870,Beta U Maj,2567,+57 1302.0
871,Gamma U Maj,2749,+54 1475.0
872,12 Coma,2850,+26 2337.0
873,Alpha 2  C Ven,2969.00A,+39 2580.0
,,2969.00B,
874,41 Coma,2995,+28 2185.0
875,Zeta Virg,3100,+0 3076.0
876,109 Virg,3340,+2 2862.0
877,Epsilon Libr,3478,-9 4138.0
878,Zeta 1 Cor B,3542.00A,+37 2665.0
,,3542.00B,
879,Zeta 2 Cor B,3542.00A,
,,3542.00B,
,Mean,,
880,Eta U Min,3731.00A,+76 596.0
881,Omega Herc,3732,+14 3049.0
882,69 Herc,3932,+37 2864.0
883,Nu Ophi,4103,-9 4632.0
884,59 Serp,,+0 3936.0
885,Grb 2719,4363,+73 835.0
886,Lal 35584,4418,+26 3429.0
887,Lambda Aqil,,-5 4876.0
888,Tau Drac,4533,+73 857.0
889,Lal 37508,4627,+45 2949.0
890,Brad 2541,4704,+23 3829.0
891,A G Camb,,
,10646,4722,+29 3820.0
892,Lal 38430,,+25 4090.0
893,25 Vulp,4854,+23 3986.0
894,Mayer 868,4880.00A,-10 5423.0
895,4 Ceph,4957,+66 1318.0
896,Grb 3432,5138,+48 3345.0
897,Beta Equl,5151,+6 4811.0
898,75 Cygn,5230,+42 4177.0
899,11 Pegs,5264,+2 4414.0
900,Lal 43090,,+1 4583.0
901,Sigma Aqar,5442,-11 5850.0
902,31 Ceph,5476,+72 1049.0
903,13 Lacr,5506,+41 4594.0
904,66 Pegs,5659,+11 4993.0
905,67 Pegs,5666,+31 4904.0
906,Lal 158,,-8 26.0
907,Lal 1462,176,+42 195.0
908,Eta Ceti,233,-10 240.0
909,Eta Erid,611,-9 553.0
910,94 Ceti,663.00A,-1 457.0
911,Nu Auri,1335,+37 1336.0
912,Mu Ori,1393,+9 1064.0
913,Phi Boot,3535,+40 2907.0
914,Lal 909,99,+43 113.0
915,89 Pisc,266,+2 185.0
916,64 Andr,487,+49 649.0
917,36 H Cass,515,+72 140.0
918,Iota Pers,,+49 857.0
919,Delta Arie,657,+19 477.0
920,W B 4h 580,1008,-9 930.0
921,11 Orio,1138,+15 732.0
922,19 H Caml,,+79 169.0
923,21 Orio,1210,+2 916.0
924,77 Orio,1501,+0 1426.0
925,57 Gemi,1735,+25 1660.0
926,26 Mono,1817,-9 2172.0
927,2 U Maj,2026,+65 638.0
928,Pi 167,2100,-1 2130.0
929,Lal 19529,2359,+25 2191.0
930,Lal 21081,2557,+36 2139.0
931,Grb 1830,2745,+38 2285.0
932,6 C Ven,2865,+39 2521.0
933,31 Coma,2955,+28 2156.0
934,78 Virg,3098,+4 2764.0
935,24 C Ven,3105,+49 2227.0
936,Phi Virg,3279,-1 2957.0
937,Chi Boot,3445,+29 2640.0
938,Chi Serp,3577,+18 3074.0
939,Paris 20211,,-3 3884.0
940,Nu Herc,4108,+30 3093.0
941,Brad 2329,4274,-11 4681.0
942,Epsilon 1 Lyra( p),4326.00A,
,,4326.00B,
,,4326.00C,
,,4326.00D,
943,Epsilon 1 Lyra( f),4326.00A,
,,4326.00B,
,,4326.00C,
,,4326.00D,
,Mean,,+39 3509.0
944,Epsilon 2 Lyra( p),4326.00A,
,,4326.00B,
,,4326.00C,
,,4326.00D,
945,Epsilon 2 Lyra( f),4326.00A,
,,4326.00B,
,,4326.00C,
,,4326.00D,
,Mean,,+39 3510.0
946,28 Aqil,4515,+12 3879.0
947,4 Vulp,4544,+19 4010.0
948,37 Aqil,4584,-10 5122.0
949,Grb 2907,4623,+54 2193.0
950,Grb 2925,4639,+41 3469.0
951,Zeta Aqil,4699,+8 4261.0
952,18 Vulp,4791,+26 3815.0
953,40 Cygn,4871,+37 3941.0
954,1 Aqar,4913,+0 4064.0
955,Brad 2738,5047,+58 2201.0
956,Sigma 2762,,+29 4324.0
957,Grb 3441,5153,+48 3357.0
958,5 Pegs,5212,+18 4827.0
959,Lamda Capr,5256,-12 6087.0
960,Alpha Aqar,,-1 4246.0
961,20 Ceph,5340,+62 2029.0
962,60 Pegs,5613,+26 4580.0
963,Lal 45680,5647,-4 5868.0
964,Alpha Andr,12.00A,+28 4.0
,,12.00B,
965,112 Pisc,413,+2 311.0
966,Sigma 305,566.00A,+18 347.0
,,566.00B,
967,Delta Erid,788,-10 728.0
968,Rad 1042,790,+70 257.0
969,Lal 8840,1049,+27 688.0
970,16 Caml,1214,+57 879.0
971,60 Orio,1381,+0 1239.0
972,50 Auri,1542,+42 1585.0
973,Lal 13627,1646,-5 1926.0
974,22 Mono,1682,+0 1636.0
975,24 Lync,1806,+59 1103.0
976,35 Lync,2108,+44 1794.0
977,Lal 17507,2119,+9 2076.0
978,Fed    1457,,+53 1320.0
979,Fed    1458,,+53 1321.0
,Mean,,
980,Lal 20142,2436,+6 2301.0
981,Xi Virg,2714,+9 2545.0
982,13 Coma,2855,+26 2344.0
983,8    Drac,2970,+66 778.0
984,20 C Ven,3038,+41 2380.0
985,Tau Virg,3196,+2 2761.0
986,Beta U Min,3373,+74 595.0
987,16 Libr,3376,-3 3696.0
988,3 Serp,3444,+5 2985.0
989,Gamma U Min,3484,+72 679.0
990,D' Ag 4302,3757,+20 3283.0
991,101 Herc,4162,+20 3675.0
992,Epsilon Scut,4317,-8 4686.0
993,50 Drac,4373,+75 682.0
994,59 Drac,4497,+76 717.0
995,Lal 36313,4507,+0 4166.0
996,24 Aqil,4510,+0 4170.0
997,Rukr 7295,4509,+25 3780.0
998,42 Aqil,4606,-4 4861.0
999,10 Vulp,4637,+25 3933.0
1000,14 Sgte,4753,+15 4033.0
1001,Pi 20h43,,+6 4479.0
1002,Pi 20h44,,+6 4480.0
,Mean,,
1003,3 Aqar,4961,-5 5378.0
1004,32 Vuip,5000,+27 3.911
1005,"Sigma 2779, s",5109.00A,
,,5109.00B,
1006,"Sigma 2779, n",5109.00A,
,,5109.00B,
,Mean,,+28 4031.0
1007,Sigma 2790,5140.00A,+58 2249.0
,,5140.00B,
1008,VV Ceph,5308,+62 2007.0
1009,Pi 22h129,,+33 4456.0
1010,Theta Agar,5394,-8 5845.0
1011,29 Ceph,5456,+78 801.0
1012,Beta 1266,5690,+30 4963.0
1013,Mayer 971,5692,-4 5896.0
1014,Lal 909,99,+43 113.0
1015,Lal 1332,163,+29 141.0
1016,Brad 226,360,+56 330.0
1017,66 Ceti,456.00M,-3 336.0
,,456.00A,
,,456.00B,
1018,95 Ceti,686,-1 469.0
1019,Lal 6816,810,+65 369.0
1020,Lal 8146,963.00A,+20 744.0
,,963.00B,
1021,Sigma 589 B,1056.00A,
,,1056.00B,
1022,Sigma 589 A,1056.00A,
,,1056.00B,
,Mean,,+5 718.0
1023,13 Orio,1153,+9 736.0
1024,W B 5h266,1203,+40 1253.0
1025,Lal 12278,1485,-11 1478.0
1026,Lal 13648,1650,+11 1428.0
1027,Sigma 1051 C,1723,+73 376.0
1028,7 C Min,1780,+2 1691.0
1029,Lal 15950,,+32 1695.0
1030,Lal 17046,2065,+12 1888.0
1031,Lal 17937,,+21 1969.0
1032,Lal 20925,2530,+5 2412.0
1033,Beta Leon,2738,+15 2383.0
1034,7 Coma,2827,+24 2443.0
1035,9 Drac,2983,+67 773.0
1036,25 C Ven,3116.00M,+37 2433.0
1037,90 Virg,3172,+0 2758.0
1038,9 H Boot,,+44 2325.0
1039,31 Boot,3321,+8 2903.0
1040,37 Libr,3511,-9 4171.0
1041,Theta U Min,3537,+77 592.0
1042,Chi Scor,3680,-11 4096.0
1043,Mu Lyra,4234,+39 3410.0
1044,W B 18h710,4283,+9 3783.0
1045,9 Lyra,4352,+32 3228.0
1046,22 Aqil,4489.00A,+4 4045.0
1047,54 Drac,4493,+57 1968.0
1048,27 Aqil,4522,-1 3716.0
1049,Sigma 2574,4636,+62 1747.0
1050,Lal 37766,4662,+27 3523.0
1051,19 Cygn,4675,+38 3780.0
1052,11 Sgte,4723,+16 4081.0
1053,64 Drac,4764,+64 1405.0
1054,Lal 38612,,+8 4358.0
1055,23 Vulp,4819,+27 3666.0
1056,Grb 3319,4998,+44 3617.0
1057,46 Capr,5247,-9 5829.0
1058,Nu Ceph,5267,+60 2288.0
1059,13 Pegs,5275,+16 4612.0
1060,24 Ceph,5374,+71 1111.0
1061,Pi 22h36,,+38 4711.0
1062,83 Aqar,5588,-8 6018.0
,,5589.01,
1063,78 Pegs,5748,+28 4627.0
1064,49 Andr,306,+46 370.0
1065,31 Arie,526,+11 360.0
1066,48 H Ceph,,+77 115.0
1067,Zeta Erid,973,-4 818.0
1068,Theta C Maj,1617,-11 1681.0
1069,Chi Gemi,1912,+28 1532.0
1070,Fed 1384A,2113.00M,
,,2113.00A,
,,2113.00B,
1071,Fed 1384B,2113.00M,
,,2113.00A,
,,2113.00B,
,Mean Sigma 1280,,+71 482.0
1072,Theta Leon,2615,+16 2234.0
1073,4 Drac,2883,+70 700.0
1074,Mu Cor B,3526,+39 2889.0
1075,Grb 2347,3737,+69 845.0
1076,46 Drac,,+55 2107.0
1077,Eta Scut,4391,-6 4976.0
1078,51 Drac,4448,+53 2178.0
1079,45 Aqil,,+0 3813.0
1080,Delta Cygn,4647.00M,+44 3234.0
,,4647.00A,
1081,21 Vulp,4809,+28 3675.0
1082,13 Dlph,4964,+5 4613.0
1083,Lal 41348,5124,+0 4195.0
1084,18 Ceph,5334,+62 2028.0
1085,Brad 2904,,-8 5818.0
1086,95 Aqar,5641,-10 6094.0
1087,42 Pers,832,+32 667.0
1088,Sigma 742 Bt,,
1089,Sigma 742 Ft,,
,M-Lal 10503,1275.00A,+21 902.0
,,1275.00B,
1090,2 Mono,1383,-9 1285.0
1091,Delta Hyda,2053,+6 2001.0
1092,Lal 19782,,+3 2321.0
1093,Lal 20494,2479,+16 2138.0
1094,Grb 1723,2560,+43 2068.0
1095,56 U Maj,2635,+44 2083.0
1096,Pi Virg,2768,+7 2502.0
1097,5 H Drac,2837,+75 470.0
3098,14 Coma,2866,+28 2115.0
1099,76 Virg,3091,-9 3711.0
3100,83 U Maj,3127,+55 1625.0
1101,Nu Boot,3156,+16 2564.0
1102,12 Boot,3221,+25 2737.0
1103,9 Serp,3486,+15 2858.0
1104,106 Herc,4214,+21 3390.0
1105,Sigma 2587Bt,4672,+3 4172.0
1106,Lal 38442,,+7 4367.0
1107,Lal 38426,,+7 4366.0
,Mean,,
1108,Lal 39934,4921.00A,+38 4172.0
1109,Grb 3500,5205,+51 3091.0
1110,Grb 3847,5483,+56 2821.0
1111,Sigma 3046Bt,,
1112,Sigma 3046Ft,,
,M-Lal 46916,5781.00A,-10 6203.0
,,5781.00B,
1113,Lal 4718,5811,+1 4820.0
1114,Brad 3212,,+28 4704.0
1115,Nu Andr,331,+40 332.0
1116,Lal 3137 A,355.00A,-12 315.0
,,355.00B,
1117,Lal 3137 B,355.00A,-12 315.0
,,355.00B,
1118,30 Arie B,525.00A,+24 376.0
,,525.00B,
1119,30 Arie A,525.00A,+24 375.0
,,525.00B,
1120,Beta 306,553,+25 441.0
1121,Rho Arie,609,+17 458.0
1122,47 Arie,615,+20 480.0
1123,Algol,646.00A,+40 673.0
1124,Alpha Pers,707,+49 917.0
1125,34 Pers,719,+49 645.0
1126,WB 811,838,+0 659.0
1127,Grb 745,,+75 154.0
1128,46 Taur,932,+7 617.0
1129,Alpha Taur,1014.00A,+16 629.0
,,1015.01,
1130,Sigma 612 B,1094.00A,+7 754.0
,,1094.00B,
1131,Sigma 612 A,1094.00A,+7 754.0
,,1094.00B,
1132,WB 1189,1129,-5 1123.0
1133,Capella,1187.00M,+45 1077.0
,,1187.00A,
,,1188,
1134,Capella H,1193.00A,
,,1193.00B,
1135,Lal 9913,,+19 893.0
1136,Beta Auri,1373.00A,+44 1328.0
1137,Lal 12494,1515,+11 1209.0
1138,23 H Caml,1530,+79 212.0
1139,Sirius,1577.00A,-16 1591.0
,,1577.00B,
1140,Lal 13427,1640,+48 1469.0
1141,Lal 13972,,+25 1613.0
1142,Procyon,1805.00A,+5 1739.0
1143,Pollux,1826,+28 1463.0
1144,Lal 15333,1862,+34 1705.0
1145,WB 181,1973,+31 1781.0
1146,Grb 1450,2029,+38 1920.0
1147,Lal 18522,2239,+31 1978.0
1148,Epsilon Leon,2310,+24 2129.0
1149,15 L Min,2316,+46 1551.0
1150,39 Leon,2413,+23 2207.0
1151,Mu U Maj,2430,+42 2115.0
1152,Grb 1646,2449.00A,+49 1961.0
1153,38 L Min,2490,+38 2166.0
1154,46 L Min,2532,+34 2172.0
1155,51 L Min,2580,+25 2335.0
1156,Delta Leon,2614,+21 2298.0
1157,Chi U Maj,2721,+48 1966.0
1158,Delta U Maj,2824,+57 1363.0
1159,7 C Ven,2882,+52 1631.0
1160,Mizar A,3062.00A,+55 1598.0
,,3062.00B,
1161,Lal 25087,3099.00M,+0 3075.0
,,3099.00A,
1162,84 Virg,3129.00M,+4 2775.0
1163,Eta Boot,3175,+19 2725.0
1164,Alpha Drac,3209,+65 975.0
1165,Alpha Boot,3242,+19 2777.0
1166,Lal 26196,3255.00A,-4 3665.0
1167,Gamma Boot,3294.00A,+38 2565.0
1168,Grb 2146,,+61 1451.0
1169,Pi 235,3382,+50 2126.0
1170,Lal 27744,,+0 2944.0
1171,6 Serp,3468.00M,+1 3067.0
1172,53 Boot,3508,+41 2611.0
1173,Grb 2270,3565,+52 1898.0
1174,Theta Drac,3644,+58 1608.0
1175,Lal 30338,3790,-2 4230.0
1176,Lal 30664,3827,+37 2804.0
1177,52 Herc,3830,+46 2220.0
1178,Lal 31055,3878.00A,-4 4225.0
,,3878.00B,
,,3880,
1179,Sigma 2146,3915,+54 1869.0
1180,Brad 2228,4030,+24 3225.0
,,4031,
1180a,Berl 6083,4030,+24 3226.0
,,4031,
1181,95 Herc B,4119.00A,+21 3280.0
,,4119.00B,
1182,95 Herc A,4119.00A,+21 3280.0
,,4119.00B,
1183,Lal 33640,4190,+29 3213.0
1184,39 Drac,4244,+58 1809.0
1185,Alpha Scut,4275,-8 4638.0
1186,Vega,4293,+38 3238.0
1187,Lal 34968,4318,+67 1087.0
1188,N3 Aqil,4341,
1189,19 Aqil,,+5 4040.0
1190,Grb 2781,,+55 2152.0
1191,Fed 3124,4485,+57 1961.0
1192,Lal 36546,4527,+49 2977.0
1193,RR Lyra,4550,+42 3338.0
1194,Grb 2877,4597,+42 3386.0
1195,Lal 37513,4633,+24 3849.0
1196,Sigma 2576m,4648.00M,+33 3582.0
,,4648.00A,
,,4648.00B,
1197,17 Cygn B,4654.00A,+33 3589.0
,,4654.00B,
1198,N3 Cygn,4739,
1199,Grb 3042,,+52 2623.0
1200,Brad 2618,4841.00M,+40 4103.0
,,4841.00B,
,,4841.00C,
,,4841.00D,
1201,S 749 B,4867.00A,-2 5282.0
,,4867.00B,
1202,S 749 A,4867.00A,-2 5283.0
,,4867.00B,
1203,WB 759,4870.00A,+18 4505.0
1204,Gamma Equl,5091,+9 4732.0
1205,6 Equl,5093,+9 4735.0
1206,Lal 43372,,+25 4691.0
1207,33 Pegs,5416,+20 5139.0
1208,Lal 44356,5490,+13 4971.0
1209,Grb 3930,5564,+48 3887.0
1210,51 Pegs,5568,+19 5036.0
1211,Brad 3084,5633,+52 3410.0
1212,Omega Sigma 507 C,5761,+64 1860.0
1213,Sigma 3048 B,5791.00A,+23 4830.0
,,5791.00B,
1213a,Sigma 3048 A,5791.00A,+23 4830.0
,,5791.00B,
1214,Lal 1405,171,-5 138.0
1215,Lal 5140,562,-5 514.0
,,563.01,
1216,32 Pers,696,+42 750.0
1217,4 Taur,732,+10 452.0
1218,Lal 7892,,+11 583.0
1219,Beta Erid,1158,-5 1162.0
1220,51 Orio,1310,+1 1105.0
1221,Omega Gemi,1645,+24 1502.0
1222,21 Lync,1741,+49 1623.0
1223,28 Mono,1904,+0 1882.0
1224,Zeta Mono,1932,-2 2450.0
1225,Chi U Maj,2162,+47 1633.0
1226,43 Lync,2297,+40 2241.0
1227,Lal 21008,2548,+28 1952.0
1228,Tau Leon,2650,+3 2504.0
1229,95 Leon,2758,+16 2319.0
1230,7 Virg,2766,+4 2556.0
1231,10 Virg,2801,+2 2517.0
1232,5 C Ven,2854,+52 1626.0
1233,16 Coma,2869,+27 2134.0
1234,49 Virg,2996,-9 3628.0
1235,Lal 25538,3165,+35 2496.0
1236,10 Drac,3169,+65 963.0
1237,Pi 1 Boot,3316.00A,
,,3316.00B,
1238,Pi 2 Boot,3316.00A,
,,3316.00B,
,Sigma 1864 mean,,+17 2768.0
1239,10    Serp,3494,+2 2965.0
1240,16    Serp,3527,+10 2884.0
1241,Pi 15h198,3583,+63 1225.0
1242,Lal 30540,3804,+50 2319.0
1243,Gr 2612,4282,+52 2238.0
1244,Lal 34931,4333,+26 3349.0
1245,Lal 35511,4409,+26 3418.0
1246,16 Lyra,4425,+46 2602.0
1247,Lal 35836,,+28 3193.0
1248,20 Cygn,4684,+52 2547.0
1249,Phi Aqil,4711,+11 4055.0
1250,Lal 38100,4733,-10 5238.0
1251,26 Cygn,4752,+49 3158.0
1252,Eta Sgte,,+19 4277.0
1253,22 Vuip,4816,+23 3944.0
1254,4 Aqar,4983.00M,-6 5604.0
1255,Lal 40484,5017,+1 4397.0
1256,3 Equl,5066,+4 4606.0
1257,Nu Aqar,,-11 5538.0
1258,78 Drac,5259,+71 1082.0
1259,Theta Pegs,5362,+5 4961.0
1260,30 Ceph,5485,+62 2102.0
1261,11 Lacr,5491,+43 4266.0
1262,82 Pegs,5774,+10 5004.0
1263,Lal 46867,5777,+27 4642.0
1264,Lal 34,,+29 14.0
1265,Lal 2999,337,-10 343.0
1266,Sigma 226 A,,+23 296.0
1267,Lal 6310,722.00A,+54 684.0
1268,Pi Erid,820,-12 707.0
1269,9 Caml,1075,+66 358.0
1270,4 Orio,1090,+14 777.0
1271,27 Orio,1227,-1 886.0
1272,5 Lync,1480,+58 927.0
1273,Gamma C Min,1762,+9 1660.0
1274,25 Mono,1798,-3 1979.0
1275,Zeta Canc AB,,
1276,Zeta Canc C,,
,Mean,,+18 1867.0
1277,Rho Hyda,2105,+6 2040.0
1278,Iota U Maj,2143.00A,+48 1707.0
,,2143.00B,
,,2143.00C,
1279,Pi Leon,2364,+8 2301.0
1280,41 L Min,2506,+23 2253.0
1281,55 Leon,2546,+1 2501.0
1282,Alpha U Maj,2575,+62 1161.0
1283,Grb 1812,2695.00A,+45 1947.0
,,2695.00B,
1284,4 Virg,2732,+9 2549.0
1285,4H Drac,,+78 412.0
1286,17 Coma,2876,+26 2354.0
1287,33 Virg,2940,+10 2468.0
1288,35 Coma,2961.00M,+22 2519.0
,,2961.00A,
1289,Sigma Virg,3036,+6 2722.0
1290,Lal 24774,,+43 2321.0
1291,74 Virg,3088,-5 3714.0
1292,2H U Min,3388,+66 878.0
1293,11 U Min,3472,+72 678.0
1294,18 Drac,3807,+64 1145.0
1295,27H Ophi,3959,-4 4275.0
1296,Grb 2517,,+43 2892.0
1297,107 Herc,4220,+28 2981.0
1298,Pi 185,4595.00A,-10 5130.0
,,4595.00B,
1299,Nu Aqil,4643,+7 4210.0
1300,Lal 27626,4653.00A,+0 4314.0
1301,PGC 5072,4682,+24 3914.0
1302,5 Capr,4822,-12 5683.0
1303,32 Cygn,4826,+47 3059.0
1304,6 Capr,4829,-12 5685.0
1305,Sigma 2741 A,5037,+49 3426.0
1306,15 Aqar,5125,-5 5512.0
1307,Sigma 2786 A,5134,+8 4651.0
1308,Beta Aqar,5188,-6 5770.0
1309,Br 2942,5391,+72 1022.0
1310,Br 3011pre,5523.00M,
,,5523.00A,
,,5523.00B,
1311,Br 3011fol,5523.00M,
,,5523.00A,
,,5523.00B,
,Mean,,-4 5757.0
1312,Alpha Pegs,5587,+14 4926.0
1313,19 Pisc,5755,+2 4709.0
1314,Sigma 3060 A,,
1315,Sigma 3060 B,,
,Mean,,+17 5036.0
1316,Sigma 3062,,+57 2865.0
1317,Sigma 186,396.00M,+1 347.0
,,396.00A,
,,396.00B,
1318,A 2329,500.00M,+3 339.0
,,500.00A,
1319,Lal 6788,764,-2 690.0
1320,Epsilon Pers,869.00M,+39 895.0
,,869.00A,
,,869.00B,
1321,Pi Taur,981,+14 697.0
1322,7 Caml,1096,+53 829.0
1323,Zeta Taur,1286,+21 908.0
1324,52 Orio,1327,+6 1027.0
1325,37 Caml,1407,+58 897.0
1326,U Mono,1777,-9 2085.0
1327,Lal 15046,1832,+37 1769.0
1328,Lal 15976,,+57 1128.0
1329,30 Mono,2003,-3 2339.0
1330,Sigma 1329 B,,+0 2163.0
1331,Sigma 1329 A,,+0 2164.0
1332,24 U Maj,2261,+70 565.0
1333,Omega Sigma 224,2493,+9 2382.0
1334,Omega U Maj,2533,+43 2058.0
1335,Iota Leon,2640,+11 2348.0
1336,Pi 12h122,2892,+34 2332.0
1337,Lal 23491,2894,+34 2333.0
1338,24 Coma A,2902.00A,
,,2902.00B,
1339,24 Coma B,2902.00A,
,,2902.00B,
,Mean,,+19 2584.0
1340,Lal 24504,,+10 2519.0
1341,Sigma 1819,3239.00M,+3 2874.0
,,3239.00A,
1342,Alpha Cor B,3519,+27 2512.0
1343,Mu Serp,3580,-2 4052.0
1344,Nu Ophi,3739,-8 4243.0
1345,Chi Ophi,3855,+9 3298.0
1346,Br 2163,3872,+14 3179.0
1347,Zeta Drac,3905,+65 1170.0
1348,87 Herc,4073,+25 3353.0
1349,102 Herc,4160,+20 3674.0
1350,R Lyra,4396,+43 3117.0
1351,Lambda Lyra,4413,+31 3424.0
1352,Lal 36081,,+16 3775.0
1353,WB 19h1199,4632,+31 3727.0
1354,Pi 19h371,4730,+58 2013.0
1355,Epsilon Dlph,4888,+10 4321.0
1356,X Cygn,4944,+35 4234.0
1357,Lal 40636,5038,-8 5544.0
1358,Sigma 2744,5051.00M,+0 4648.0
,,5051.00A,
1359,Lal 42846,5307,-5 5674.0
1360,Sigma 2862 A,,+0 4307.0
1361,Sigma 2950 A,5541.00M,+60 2450.0
,,5541.00A,
1362,Lal 45585,5634.00M,-2 5920.0
,,5634.00A,
1363,Omega Sigma 503,5737,+19 5138.0
1364,Theta Andr,47,+37 34.0
1365,Rho Andr,55,+37 45.0
1366,Delta Cass,287,+59 248.0
1367,94 Pisc,296,+18 189.0
1368,Sigma 138,330,+6 244.0
1369,Epsilon Tria,421,+32 369.0
1370,Lal 5514,621,-3 470.0
1371,Grb 716,758,+62 597.0
1372,32 Taur,867,+22 605.0
1373,Lal 7867,,+29 678.0
1374,9 Orio,1102,+13 740.0
1375,15 Orio,1165,+15 752.0
1376,Xi Auri,,+55 1027.0
1377,Grb 1149,1479,+56 1125.0
1378,30 Gemi,1569,+13 1390.0
1379,Brad 1104,1816,+50 1460.0
1380,Zeta C Min,1855,+2 1808.0
1381,Sigma 1175,1910,+4 1882.0
1382,2 Hyda,2008,-3 2345.0
1383,Lal 17528,2122,+22 2014.0
1384,Lal 17890,,+39 2200.0
1385,Rho Leon,2467,+10 2166.0
1386,72 Leon,2616,+23 2322.0
1387,Epsilon Virg,2987,+11 2529.0
1388,Beta Coma,3015,+28 2193.0
1389,11 Libr,3353,-1 2991.0
1390,Rad 3381,3485,+63 1192.0
1391,Epsilon Cor B,3612,+27 2558.0
1392,Psi Scor,3673,-9 4324.0
1393,Sigma Herc,3772,+42 2724.0
1394,45 Herc,3819,+5 3272.0
1395,70 Herc,3945,+24 3167.0
1396,Lal 31804,3967,+0 3697.0
1397,Omicron Serp,4023,-12 4808.0
1398,Iota Herc,4028.00A,+46 2349.0
1399,Gamma Ophi,4065,+2 3403.0
1400,67 Ophi,4111.00A,+2 3458.0
1401,74 Ophi,4213,+3 3680.0
1402,Rad 3896,4228,+17 3555.0
1403,Nu Drac,4408,+71 915.0
1404,Sigma 2540,4576.00A,+20 4179.0
,,4576.00B,
1405,SU Cygn,4642,+28 3460.0
1406,Lal 37866,4676,+37 3636.0
1407,33 Cygn,4815,+56 2376.0
1408,Brad 2613,4831,+39 4114.0
1409,Theta Ceph,4886,+62 1821.0
1410,Alpha Dlph,4923.00A,+15 4222.0
1411,Pi 190,5199,-4 5489.0
1412,Omicron Andr,5578.00A,+41 4664.0
1413,5 Andr,5598,+48 3944.0
1414,Zeta Cass,100,+53 105.0
1415,26 Cass,181,+58 134.0
1416,Rho Pisc,294,+18 187.0
1417,Chi Ceti,382.00A,-11 352.0
,,382.00B,
1418,Gamma Arie N,391.00M,
,,391.00A,
,,391.00B,
1419,Gamma Arie S,391.00M,
,,391.00A,
,,391.00B,
,Mean,,+18 243.0
1420,Epsilon Arie,620,+20 484.0
1421,Lal 7484,,+0 632.0
1422,39 Taur,902,+21 587.0
1423,Delta Orio,1261.00A,+0 983.0
,,1261.00C,
1424,2 Lync,1458,+59 959.0
1425,Lambda Gemi,1708.00M,+16 1443.0
1426,Castor A,1785.00M,+32 1581.0
,,1785.00A,
,,1785.00B,
,,1785.00C,
1427,Castor C,1785.00M,+32 1582.0
,,1785.00A,
,,1785.00B,
,,1785.00C,
,Mean,,
1428,55 Caml,1926,+68 524.0
1429,Nu U Maj,2325,+59 1268.0
1430,Lal 19896,,+3 2338.0
1431,55 U Maj,2629,+38 2225.0
1432,Omicron Cor B,3469,+30 2647.0
1433,Theta Cor B,3512,+31 2750.0
1434,Zeta U Min,3593,+78 527.0
1435,14 Herc,3677,+44 2549.0
1436,Zeta Ophi,3775,-10 4350.0
1437,14 Ophi,3795,+1 3290.0
1438,Lal 31160,,+22 3073.0
1439,Lal 32390,4044,+21 3198.0
1440,90 Herc,4086,+40 3233.0
1441,Delta U Min,,+86 269.0
1442,Lal 33793,4202,+40 3332.0
1443,4 Aqil,4320,+1 3766.0
1444,Lal 36091,,+52 2350.0
1445,U Aqil,4556,-7 4968.0
1446,S Sgte,4710,+16 4067.0
1447,Theta Aqil,,-1 3911.0
1448,Eta Dlph,4890,+12 4378.0
1449,Sigma 2735,5006.00M,+3 4461.0
1450,4 Lacr,5419,+48 3715.0
1451,28 Andr,81,+28 75.0
1452,31 Cass,235,+68 77.0
1453,Pi Pers,614,+39 681.0
1454,Lal 7439,890,+39 918.0
1455,109 Taur,1204,+21 816.0
1456,T Mono,1487,+7 1273.0
1457,13 Mono,1524,+7 1337.0
1458,16 Lync,1623,+45 1367.0
1459,20 Mono,1677,-4 1840.0
1460,Epsilon C min,1746,+9 1643.0
1461,22 Lync,1757,+49 1630.0
1462,11 C Min,1836,+11 1670.0
1463,10 Canc,,+22 1862.0
1464,Lal 16284,1986,+53 1246.0
1465,Nu Leon,2357,+13 2183.0
1466,44 U Maj,2531,+55 1418.0
1467,21 C Ven,3045,+50 1994.0
1468,82 U Maj,3123,+53 1640.0
1469,Iota Boot,3245.00A,+52 1784.0
1470,Lal 27083,3357,+37 2580.0
1471,Psi Boot,3406,+27 2447.0
1472,22 Serp,3550,+18 3059.0
1473,Omega Serp,3584,+2 3007.0
1474,Lambda Cor B,3605,+38 2712.0
1475,Grb 2296,3618,+55 1793.0
1476,Lal 29641,,+68 864.0
1477,30 Herc,3751,+42 2714.0
1478,Grb 2369,3791,+56 1907.0
1479,53 Herc,3839,+31 2925.0
1480,59 Herc,3869,+33 2817.0
1481,41 Ophi,3918,+0 3255.0
1482,Lal 31536,3922,+63 1336.0
1483,Lal 31694,3951,+40 3136.0
1484,27 Drac,4006,+68 938.0
1485,83 Herc,4041,+24 3231.0
1486,Y Ophi,4077,-6 4672.0
1487,Lal 32707,4080,+6 3566.0
1488,89 Herc,4091,+26 3120.0
1489,71 Ophi,4146,+8 3582.0
1490,Eta Serp,4215,-2 4599.0
1491,Grb 2555,4229,+49 2782.0
1492,Lal 34575,4290,+33 3154.0
1493,Lal 35383,4382,+50 2686.0
1494,12 Lyra,4385,+36 3319.0
1495,Lal 35421,4400,+17 3799.0
1496,29 Aqil,4517,+11 3802.0
1497,Bo 12989,4554,+49 3009.0
1498,Rho Drac,4773,+67 1222.0
1499,Lal 39176,4856,+4 4434.0
1500,73 Drac,4905,+74 872.0
1501,16 Aqar,5137,-5 5524.0
1502,Lal 41808,5171,+52 2939.0
1503,25 Aqar,5221,+1 4517.0
1504,16 Pegs,5290,+25 4635.0
1505,Gamma Aqar,5407,-2 5741.0
1506,RZ Ceph,5489,+64 1694.0
1507,Lal 44708,5534,+13 5006.0
1508,Lal 44920,5569,+8 4973.0
1509,8 Andr,5637,+48 3991.0
1510,Psi Andr,5753.00A,+45 4321.0
1511,Lal 595,74,+43 92.0
1512,45 Andr,243,+36 201.0
1513,Xi Andr,279,+44 287.0
1514,62 Andr,472,+46 552.0
1515,Lal 6109,697,+48 893.0
1516,Lal 6723,772,+62 604.0
1517,122 Taur,1284,+16 822.0
1518,55 Auri,1561,+44 1518.0
1519,Lal 14028,1701,+49 1612.0
1520,63 Gemi,1754.00A,+21 1602.0
1521,Pi Gemi,1837,+33 1585.0
1522,85 Gemi,1873,+20 1946.0
1523,19 Pupp,1943,-12 2385.0
1524,20 Canc,1992,+18 1930.0
1525,81 U Maj,3103,+56 1667.0
1526,86 U Maj,3179,+54 1630.0
1527,13 Boot,3217,+50 2047.0
1528,Lal 26031,,+3 2867.0
1529,33 Boot,3314,+45 2204.0
1530,47 Boot,3414,+48 2262.0
1531,Pi 136,3514,+64 1074.0
1532,Pi Serp,3631,+23 2886.0
1533,Grb 2328,3713.00A,+40 3005.0
1534,W B 394,3742,+0 3529.0
1535,Grb 2377,3821,+57 1702.0
1536,Nu Serp,3936,-12 4722.0
1537,Lal 31568,3940,+18 3351.0
1538,Lal 32012,3986,+19 3354.0
1539,Grb 2444,3994,+41 2850.0
1540,82 Herc,4014,+48 2542.0
1541,93 Herc,4110,+16 3335.0
1542,98 Herc,4143,+22 3273.0
1543,Lal 33402,,+36 3027.0
1544,108 Herc,4219,+29 3241.0
1545,Lal 34817,4304,+65 1283.0
1546,Lal 34853,4321,+31 3348.0
1547,Lal 37334,4610,+44 3185.0
1548,29 Cygn,4812,+36 3955.0
1549,17 Dlph,5008,+13 4572.0
1550,Lal 41541,5147,+39 4529.0
1551,76 Cygn,5238,+40 4611.0
1552,15 Pegs,5288,+28 4215.0
1553,27 Pegs,5360,+32 4349.0
1554,Grb 3719,,+69 1228.0
1555,Omicron Pegs,5496,+28 4436.0
1556,Grb 3904p,,
1557,Grb 3904f,,
,Mean,5530.00A,+67 1468.0
,,5530.00B,
1558,15 Lacr,5542,+42 4521.0
1559,Lal 45193,,+17 4866.0
1560,4 Cass,5669,+61 2444.0
1561,Chi Andr,341,+43 343.0
1562,Tau Pers,597.00M,+52 641.0
,,597.00A,
,,597.00B,
1563,Lal 6119,693,+28 516.0
1564,5 Taur,736,+12 486.0
1565,Lal 7820,,+53 750.0
1566,Mu Auri,1175,+38 1063.0
1567,39 Gemi,1632,+26 1405.0
1568,Beta L Min,2450,+37 2080.0
1569,Fed 2135,2933,+52 1650.0
1570,Lal 25135,3106,+23 2587.0
1571,10 Boot,3187,+22 2650.0
1572,Cin 1913,3295.00M,+10 2703.0
,,3295.00A,
,,3295.00B,
1573,34 Boot,3331,+27 2413.0
1574,4 Serp,3446,+0 3327.0
1575,50 Boot,3474,+33 2581.0
1576,14 Cor B,3628,+30 2738.0
1577,Grb 2305,,+39 2947.0
1578,18 Scor,3687,-7 4242.0
1579,Pi 182,3774,+79 498.0
1580,47 Herc,3829,+7 3256.0
1581,Pi 71,3942,+25 3246.0
1582,Br 2245,4081,+40 3228.0
1583,68 Ophi,4114,+1 3560.0
1584,Grb 2535,4198,+45 2684.0
1585,105 Herc,4208,+24 3381.0
1586,Lal 34288,4260,+20 3821.0
1587,Lal 36715,4548,+12 3907.0
1588,Grb 2935,4644,+57 2057.0
1589,Grb 2961,4700,+38 3801.0
1590,35 Cygn,4843,+34 3967.0
1591,Br 2726,5035,+43 3777.0
1592,Grb 3409,,+70 1164.0
1593,Pi 153,5172,+31 4462.0
1594,Lal 42677,5286.00A,+41 4291.0
,,5286.00B,
1595,20 Pegs,5316,+12 4737.0
1596,Lal 43205,,+52 3112.0
1597,Eta Aqar,,+0 4384.0
1598,Grb 3858,5497,+40 4885.0
1599,64 Pegs,5654,+31 4897.0
1600,Psi Pegs,5788,+24 4865.0
1601,WB 1377,,+35 8.0
1602,Psi Cas,285,+67 123.0
1603,12 Per,541,+39 610.0
1604,Rho Per,635,+38 630.0
1605,Beta Cam,1118,+60 856.0
1606,Iota Tau,1132,+21 751.0
1607,Lal. 10940,1320,+1 2226.0
1608,31 Cam,1342,+59 920.0
1609,36 Cam,1418,+65 517.0
1610,Lal. 11803,,+10 1050.0
1611,Pi. 132,1829,+80 238.0
1612,1 Hya,1998,-3 2333.0
1613,34 Lyn,2063,+46 1422.0
1614,19 LMi,2355,+41 2033.0
1615,2 Dra,2679,+70 670.0
1616,Pi. 255,2990,+64 927.0
1617,Theta Vir,3005.00A,-4 3430.0
,,3005.00B,
1618,Lal. 25653,3181,+32 2411.0
1619,Lal. 25818,3201,+11 2625.0
1620,Grb. 2196,3393,+83 431.0
1621,Lal. 27957,3466,-1 3047.0
1622,Lal. 28358,3503.00A,+57 1590.0
1623,16 Her,3690,+19 3075.0
1624,Lal. 29752,3702,+32 2702.0
1625,17 G Oph,3738,-7 4292.0
1626,Pi. 195,3786,+77 627.0
1627,30 Oph,3862,-4 4215.0
1628,Lal. 31693,3949,+48 2506.0
1629,Lal. 32019,3984,+34 2989.0
1630,Lal. 33085,4117.00A,+29 3165.0
1631,Phi Dra,4241,+71 889.0
1632,Lal. 34528,4281,+34 3245.0
1633,Lal. 34852,,+23 3439.0
1634,48 Dra,4405,+57 1922.0
1635,Lal. 37161,,+49 3038.0
1636,U Vul,4604,+20 4200.0
1637,Lal. 37832,4685,-3 4742.0
1638,P Cyg,4837,+37 3871.0
1639,15 Del,4977,+12 4472.0
1640,Pi. 391,5001,+53 2511.0
1641,Epsilon Equ AB,5029.00M,
,,5029.00A,
,,5029.00B,
,,5029.00C,
1642,Epsilon Equ C,5029.00M,
,,5029.00A,
,,5029.00B,
,,5029.00C,
,Mean,,+3 4473.0
1643,Pi. 114,5155,+23 4300.0
1644,Lal. 42199,5219,+19 4754.0
1645,Pi. 406,,+18 4930.0
1646,Lal. 44541,5512.00A,+29 4753.0
1647,AG Chr. 3703,5574.00A,+68 1345.0
1648,Phi Aqr,5620,-6 6170.0
1649,11 And,5644,+47 4110.0
1650,Grb. 4220,5816,+66 1679.0
1651,Eta Psc,314,+14 231.0
1652,Delta Tri,464,+33 395.0
1653,37 Tau,897.00A,+21 585.0
,,897.00B,
1654,Lal. 11196,1365,+13 1036.0
,,1366,
1655,Mu Gem,1475,+22 1304.0
1656,Zeta Gem,1651.00A,+20 1687.0
,,1651.00C,
1657,Tau Gem,1676,+30 1439.0
1658,Delta Cnc,2086,+18 2027.0
1659,Iota Cnc,2091.00A,+29 1824.0
,,2091.00B,
1660,7 Sex,2337,+3 2280.0
1661,Lambda Boo,3246,+46 1949.0
1662,Grb. 2152,3348,+38 2593.0
1663,44 B00 A,,+48 2259.0
1664,Grb. 2389,3848,+43 2659.0
1665,Lal. 31132,3877,+47 2420.0
1666,Lal. 31174,,+4 3336.0
1667,72 Her,3946,+32 2896.0
1668,Fed 2895,3972,+67 1014.0
1669,Mu Her,4060.00A,+27 2888.0
,,4060.00B,
,,4060.00C,
1670,Xi Her,4106,+29 3156.0
1671,35 Dra,4105,+76 667.0
1672,Lal. 33439,,+38 3095.0
1673,109 Her,4231,+21 3411.0
1674,110 Her,4328,+20 3926.0
1675,111 Her,4336,+18 3823.0
1676,Grb. 2699,4371,+52 2294.0
1677,Br. 2388,4399.00M,+32 3267.0
,,4399.00A,
,,4399.00B,
1678,Theta Lyr,4498,+37 3398.0
1679,Kappa Cyg,4513,+53 2216.0
1680,Beta 1 Cyg,4567.00A,+27 3410.0
,,4567.00B,
1681,Beta 2 Cyg,4567.00A,+27 3411.0
,,4567.00B,
,mean,,
1682,Theta Cyg,4611.00A,+49 3062.0
1683,Beta Sge,4624,+17 4048.0
1684,Beta Aql,4705.00A,+6 4357.0
1685,15 Sge,4760,+16 4121.0
,,4761.00A,
,,4761.00B,
,,4761.00C,
1686,27 Cyg,4774,+35 3959.0
1687,24 Vul,4828,+24 4075.0
1688,Grb. 3215,4893,+41 3799.0
1689,56 Cyg,4984,+43 3739.0
1690,Xi Cyg,5074,+43 3800.0
1691,Alpha Equ,5115.00A,+4 4635.0
1692,Br. 2792,5163,+46 3305.0
1693,71 Cyg,5183,+45 3558.0
,,5187,
1694,Mu Cep,5252,+58 2316.0
1695,Iota Peg,5345,+24 4533.0
1696,Epsilon Cep,5392,+56 2741.0
1697,Lal. 43492,5398,+12 4797.0
1698,Delta Cep,5443.00A,+57 2548.0
,,5443.00C,
1699,Tau Peg,5649,+22 4810.0
1700,27 Psc,5793,-4 5996.0
1701,23 And,34,+40 29.0
1702,41 And,223,+43 234.0
1703,Mayer 136,854,+16 523.0
1704,59 Per,1041,+43 1043.0
1705,Phi Aur,1234,+34 1048.0
1706,W Gem,1531,+15 1246.0
1707,6 Hya,2068,-11 2420.0
1708,Br 1306,2220,+51 1495.0
1709,Lal 22632,2774,+43 2182.0
,,2777.00A,
1710,Lal 22810,,+41 2276.0
1711,Lal 24587,,+40 2633.0
1712,Grb 2116,3286,+42 2508.0
1713,Chi Ser,3549,+13 2982.0
1714,20 Oph,3826,-10 4394.0
1715,AOe 17415,4029,+68 946.0
,,4032,
1716,Zeta Sct,4227,-9 4712.0
1717,Bon 12845,4524,+41 3306.0
1718,70 Aql,4901,-3 4961.0
1719,Mu Cyg,5245.00M,+28 4169.0
,,5245.00B,
1720,40 Peg,5480.10A,+18 5014.0
,,5480.10B,
1721,41 H Cep,5759,+67 1562.0
1722,12 Cas,65.1,+61 69.0
1723,Pi Cas,127,+46 146.0
1724,40 Cas,329,+72 86.0
1725,AOe 1867,354,+63 229.0
1726,Lal 6436,731.00A,+19 547.0
1727,19 Cam,1261.1,+64 536.0
1728,Lal 11374,1390,+32 1166.0
1729,Lal 11936,,+0 1234.0
1730,36 Gem,1598.00M,+21 1405.0
1731,25 H Cam,1696,+82 201.0
1732,27 Mon,1893,-3 2157.0
1733,32 Lyn,2031,+36 1836.0
1734,Alpha Cnc,2147,+12 1948.0
1735,Lal 18286,2212.00M,+29 1883.0
,,2212.00A,
,,2212.00B,
1736,26 Uma,2275,+52 1402.0
1737,53 Leo,2517.1,+11 2283.0
1738,57 UMa,2654.1,+40 2433.0
1739,11 Vir,2802.1,+6 2559.0
1740,Lal 24652,3035.00A,+17 2611.0
,,3035.00B,
1741,Lal 25372,3135,+15 2620.0
1742,22 Boo,3274.1,+19 2810.0
1743,39 Boo A,3355.10A,+49 2326.0
,,3355.10B,
1744,39 Boo B,,
,Mean,,
1745,36 Ser,3588,-2 4058.0
1746,WB 1323,3614,+28 2503.0
1747,AOe 16069,3700.00A,+61 1574.0
1748,Lal 29859,3726,+17 3012.0
1749,Zeta Her A,3799.00A,+31 2884.0
,,3799.00B,
1750,21 Oph,3831,+1 3323.0
1751,Grb 2391,3833,+77 634.0
1752,WB 322,3955,+2 3312.0
1753,Pi 180,4016,+3 3465.0
1754,70 Oph A,4137.00M,+2 3482.0
,,4137.00A,
,,4137.00B,
1755,70 Oph B,,
,Mean,,
1756,Lal 34419,4271,+30 3223.0
1757,62 Ser,4380.1,+6 3978.0
1758,Lal 36663,4539,+32 3411.0
1759,Lal 36868,4562.1,-6 5170.0
1760,Zeta Sge AB,4660.00M,+18 4254.0
,,4660.00A,
1761,Lal 37785,4661,+34 3727.0
1762,67 Aql,4806,+14 4227.0
1763,5 Del,4906.1,+10 4339.0
1764,Grb 3295,4976,+51 2954.0
1765,Lal 41144,,+23 4264.0
1766,4 Peg,5216,+5 4834.0
1767,D' Ag 5947,5291,+27 4191.0
1768,WB 82,,+22 4567.0
1769,Lal 43974,5446,-7 5797.0
1770,AOe 25734,5696.1,+62 2244.0
1771,Lal 46154,5696.2,+42 4700.0
1772,Iota And,5719,+42 4720.0
1773,85 Peg,5807,+26 4734.0
1774,52 Psc,90.1,+19 79.0
1775,Lal 1171,142,+54 143.0
1776,47 Cas,413.1,+76 63.0
1777,43 Per,862.1,+50 860.0
1778,Lal 9828,1206,+59 870.0
1779,131 Tau,1320.1,+14 1025.0
1780,Pi Aur,1375,+45 1217.0
1781,21 Mon,1679.1,+0 1025.0
1782,Eta Cnc,2032,+20 2109.0
1783,Br 1238,2085,-6 2708.0
1784,59 Cnc,2140,+33 1785.0
1785,Pi 29,2828,+33 2213.0
1786,5 U Mi,3292,+76 527.0
1787,Lal 27055,3352.1,+24 2786.0
1788,WB 716,3531.00M,+40 2903.0
,,3531.00A,
,,3531.00B,
,,3531.00C,
1789,Sigma 298,3531.00M,+40 2905.0
,,3531.00A,
,,3531.00B,
,,3531.00C,
1790,Grb 2275,3540.00A,+80 480.0
,,3540.00B,
1791,Pi 212,3599,+20 3166.0
1792,Iota Oph,3840.1,+10 3092.0
1793,Epsilon U Mi,3864,+82 498.0
1794,Lal 31041,3869.1,+25 3183.0
1795,Lal 31039,3873,+14 3180.0
1796,Lal 31662,3950.1,+25 3252.0
1797,112 Her,4360,+21 3582.0
1798,Mu 18396,4413.1,+2 3753.0
1799,14 Cyg,4622.1,+42 3413.0
1800,Lal 38451,4767.3,+38 3896.0
1801,43 Cyg,4872,+48 3128.0
1802,Grb 3285,4966.1,+52 2799.0
1803,Lal 40728,5042.00A,+39 4400.0
1804,32 Peg,5408,+27 4299.0
1805,Grb 3882,5514,+43 4300.0
1806,"Ci 20, 1382",5520.00M,+43 4305.0
,,5520.00A,
,,5520.01A,
1807,92 Aqr,5630,-8 6076.0
1808,Tau Cas,,+57 2804.0
1809,61 Psc,152.2,+20 105.0
1810,Tau Psc,245,+29 190.0
1811,Lal 2450,281,+17 197.0
1812,Nu Ari,529.1,+21 362.0
1813,Grb 631,,+50 729.0
1814,WB 617,763,-3 592.0
1815,Sigma 443 A,805.00A,+41 750.0
,,805.00B,
,,806,
1816,Sigma 443 B,805.00A,+41 750.0
,,805.00B,
,,806,
1817,91 Tau,1026.1,+15 665.0
1818,92 Tau,1027.1,+15 666.0
1819,1 Aur,1071.1,+37 969.0
1820,126 Tau,1300,+16 841.0
1821,CGA 7512,1456.1,-8 1368.0
1822,Lal 12104,1472,-2 1564.0
1823,Lal 13100,,-8 1558.0
1824,Lal 15290,1857,+31 1684.0
1825,Grb 1368,1868,+79 265.0
1826,Fed 1221,1909,+72 395.0
1827,WB 1219,2130,-4 2490.0
1828,Omega Hyd,,+5 2116.0
1829,23 Hyd,2208,-5 2762.0
1830,27 Hyd,2228.00A,-8 2643.0
,,2228.00B,
,,2228.00C,
1831,31 UMa,2345.1,+50 1698.0
1832,Lamda UMa,2411,+43 2005.0
1833,Lal 22585,2767,-9 3413.0
1834,Grb 2044,3139.1,+41 2424.0
1835,4 UMi,3232,+78 478.0
1836,32 Boot,3322.1,+12 2729.0
1837,Lal 27155,3368,+23 2751.0
1838,Ross 52,3369.00M,
1839,Lal 27951,3459.1,+26 2676.0
1840,Lal 27958,3461.00A,+26 2677.0
1841,Kappa Her,3657.00A,+17 2964.0
,,3657.00B,
1842,16 Sco,3675,-8 4180.0
1843,15 Dra,3763,+69 850.0
1844,Lal 30999,3855.1,+62 1520.0
1845,Lal 31188,3892.1,-10 4445.0
1846,Lal 32762,4085.1,+11 3283.0
1847,SZ Aql,4429.1,+1 3877.0
1848,18 Aql,4443.1,+10 3787.0
1849,WB 19h16,,+21 3672.0
1850,Lal 35998,4466.1,+34 3439.0
1851,Lal 36513,4528.1,+37 3417.0
1852,66 Dra,4781.1,+61 1970.0
1853,"Ci 20, 1206",4863,+9 4529.0
1854,5 Aqr,4987,-6 5606.0
1855,WB 1454,5063,+2 4295.0
1856,Lal 42741,5293,+31 4574.0
,,5294.1,
1857,GC 30677,5293,+31 4577.0
,,5294.1,
1858,Wolf 1143,5296,
1859,Lal 43319,5368.1,+35 4725.0
1860,Lal 44318,5482.10M,+43 4260.0
,,5482.10A,
,,5482.10B,
1861,Lal 45165,5590,+15 4760.0
1862,Iota Psc,5724,+4 5035.0
1863,30 Psc,5806,-6 6345.0
1864,39 Cet,260.1,-3 172.0
1865,58 And,437.1,+37 486.0
1866,Iota Cas,493.00A,+66 213.0
1867,38 Ari,557.1,+11 377.0
1868,21 Per,610.1,+31 509.0
1869,GC 3674,632.2,+56 767.0
1870,3 Cam,1019.1,+52 865.0
1871,2 Cam,1019,+53 794.0
,,1021.00A,
,,1021.00B,
1872,GC 5802,1059.1,+11 646.0
1873,4 Aur,1112,+37 1005.0
1874,66 Eri,1152.1,-4 1004.0
1875,106 Tau,1152.2,+20 885.0
1876,GC 7587,1386,-3 1256.0
1877,GC 8020,1436,+69 371.0
1878,45 Aur,1468.2,+53 1008.0
1879,A 5871,,+27 1337.0
1880,8 Cnc,1917.1,+13 1831.0
1881,3 UMa,2047.1,+65 643.0
1882,69 Cnc,2162.1,+25 2029.0
1883,5 Leo,2267.1,+11 2053.0
1884,38 UMa,2497,+66 678.0
1885,63 Leo,2581,+8 2455.0
1886,93 Leo,2731,+21 2358.0
1887,74 UMa,2881.1,+59 1444.0
1888,GC 17430,2950.1,+38 2373.0
1889,9 Boo,3181.1,+28 2278.0
1890,Delta Lib,3387.00M,-7 3938.0
,,3387.00A,
,,3387.00C,
,,3387.00D,
1891,GC 20352,3418,+9 3001.0
1892,GC 20737,3488.1,+61 1501.0
1893,R CrB,3581,+28 2477.0
1894,GC 21599,3643,+25 3020.0
1895,23 Oph,3840,-5 4374.0
1896,GC 22802,3849,+21 3002.0
1897,GC 24409,4093.1,+18 3502.0
1898,GC 25010,4204.1,-9 4692.0
1899,A 11275,4218.10A,+27 3003.0
1900,GC 25208,4245.2,-3 4288.0
1901,GC 25481,4292,-3 4331.0
1902,TT Aql,4454,+1 3899.0
1903,GC 26374,4464,+16 3758.0
1904,GC 27677,4734.1,+30 3837.0
1905,14 Vul,4734.2,+22 3872.0
1906,62 Aql,4755,-1 3887.0
1907,Xi Cap,4796,-13 5608.0
1908,GC 28343,4855.1,+14 4275.0
1909,74 Dra,4928,+80 660.0
,,4931,
1910,11 Aqr,5037.1,-5 5433.0
1911,GC 29626,5099,+44 3728.0
1912,19 Aqr,5156.1,-10 5668.0
1913,GC 30433,5246.1,+14 4668.0
1914,GC 30655,5290.1,-4 5568.0
1915,HD 209621,5326,+20 5071.0
1916,39 Peg,5452.1,+19 4949.0
1917,Ross 671,5563,+15 4733.0
1918,A 16713,5657.00A,+19 5093.0
,,5657.00B,
1919,Beta Cas,16,+58 3.0
1920,Wolf 1056*,107,
1921,Delta And,108,+30 91.0
1922,Gamma Cas*,185,+59 144.0
1923,Epsilon Psc,209,+7 153.0
1924,Mu Cass,,+54 223.0
1925,39 Ari,567,+28 462.0
1926,Beta Per,646.00A,+40 673.0
1927,Alpha Per,707,+49 917.0
1928,Epsilon Eri*,742,-9 697.0
1929,Alpha Tau,1014.00A,+16 629.0
,,1015.01,
1930,Beta Ori*,,-8 1063.0
1931,Beta Tau,1231,+28 795.0
1932,Alpha Ori,1362,+7 1055.0
1933,Gamma Gem,1539,+16 1223.0
1934,Beta Cmi*,1753,+8 1774.0
1935,Alpha Gem A,1785.00M,+32 1581.0
,,1785.00A,
,,1785.00B,
,,1785.00C,
1936,Alpha Gem B,1785.00M,+32 1581.0
,,1785.00A,
,,1785.00B,
,,1785.00C,
1937,Alpha Gem C,1785.00M,+32 1582.0
,,1785.00A,
,,1785.00B,
,,1785.00C,
1938,Beta Gem,1826,+28 1463.0
1939,Beta Cnc,1967,+9 1917.0
1940,Alpha Hyd*,2247,-8 2680.0
1941,Zeta UMa B,3062.00A,+55 1598.0
,,3062.00B,
1942,Eta Uma*,3147,+50 2027.0
1943,Alpha CrB,3519,+27 2512.0
1944,Chi Her,3596,+42 2648.0
1945,Gamma Ser,3604,+16 2849.0
1946,Zeta Her,3799.00A,+31 2884.0
,,3799.00B,
1947,19 Dra,3860,+65 1157.0
1948,Delta Her,3916,+25 3221.0
1949,Alpha Oph,4000,+12 3252.0
1950,Omega Dra,4036,+68 949.0
1951,Beta Oph,4042,+4 3489.0
1952,Gamma Dra,4107,+51 2282.0
1953,99 Her,4153,+30 3128.0
1954,Chi Dra*,4245.00M,+72 839.0
,,4245.00A,
1955,Alpha Sct,4275,-8 4638.0
1956,Alpha Lyr,4293,+38 3238.0
1957,GC 25770,4340,+10 3665.0
1958,17 Lyr,4458,+32 3326.0
1959,17 Lyr C*,,
1960,Merrill*,,
1961,31 Aql,4541,+11 3833.0
1962,RR Lyr,4550,+42 3338.0
1963,Alpha Aql,4665,+8 4236.0
1964,Epsilon Dra,4689.00A,+69 1070.0
1965,Gamma Sge,4731,+19 4229.0
1966,GC 27912,4779,+52 2623.0
1967,Kappa Cep*,4824,+77 764.0
1968,Gamma Cyg,4857,+39 4159.0
1969,Alpha Cyg,4935,+44 3541.0
1970,Epsilon Cyg,4959.00A,+33 4018.0
1971,Alpha Cep,5139,+61 2111.0
1972,GC 31046,5370,+50 3602.0
1973,33 Peg,5416,+20 5139.0
1974,Zeta Peg*,5492,+10 4797.0
1975,Eta Peg,5503.00A,+29 4741.0
,,5503.00B,
1976,Beta Peg,5583,+27 4480.0
1977,7 And,5615,+48 3964.0
1978,Nu Peg,5670,+22 4833.0
1979,GC 153,17.01A,+24 4.0
,,17.01B,
1980,GC 707,98.01,+12 59.0
1981,32 And,118.02,+38 90.0
1982,GC 1186,195,+31 153.0
1983,Polaris,299,+88 8.0
1984,LFT 144-5,343.10M,
,,343.10A,
,,343.10B,
1985,Tau Cet,365,-16 295.0
1986,Xi Psc,393,+2 290.0
1987,"Ci20, 148",,
1988,Epsilon Cet,537.00M,-12 501.0
,,537.00A,
1989,GC 4849,887,+34 796.0
1990,9 Aur,1137,+51 1024.0
1991,LTT 11818,1450.02,
1992,49 Aur,1528.01,+28 1168.0
1993,45 Gem,1667,+16 1397.0
1994,"Ci20, 451",1890,
1995,Rho UMa,2148,+68 551.0
1996,18 UMa,2199.03,+54 1285.0
1997,32 Hyd,,+0 2211.0
1998,21 LMi,2378.01,+35 2110.0
1999,GC 14225,2429,+41 2076.0
2000,GC 15485,2617.02,+53 1480.0
,,2617.03M,
,,2617.03A,
,,2617.03B,
2001,14 CVn,2992.01,+36 2337.0
2002,HZ 43,3032.01,
2003,GC 19428,3268,+6 2875.0
2004,LFT 1146,3353.01,
2005,"Ci20, 933",3496,
2006,GC 21044,3541,+47 2253.0
2007,GC 21124,3552,-10 4149.0
2008,LTT 14769,3629.1,
2009,LTT 6497,3693.01,
2010,GC 21907,3709,+71 775.0
2011,"Ci20, 992",3747.01,
2012,LTT 6847,3897.01,
2013,GC 23181,3900,+24 3137.0
2014,GC 23592,3955,+2 3312.0
2015,L846-54,3989.01,
2016,GC 24145,4060.1,+25 3344.0
2017,LTT 15456,4242.02,
2018,GC 25394,4280.01,+51 2402.0
2019,AC70 8247,,
2020,LFT 1463,4484.12A,
,,4484.12B,
2021,LTT 7658,4519.10A,
,,4519.10B,
2022,9 Vul,4586.01,+19 4063.0
2023,LTT 15760,4636.01,
2024,"Ci20, 1165",4652.00A,+31 3767.0
,,4652.00B,
2025,"Ci20, 1165",4652.00A,+31 3767.0
,,4652.00B,
,Mean,,+31 3767.0
2026,LTT 7879,4709,
2027,GC 28350,4852,-21 5703.0
2028,69 Aql,4874,-3 4918.0
2029,"Ci20, 1215",4895,
2030,"Ci20, 1228",4951,
2031,"Ci20, 1248",5024,
2032,GC 29631,5098,+17 4519.0
2033,GC 29980,5158.01,+25 4531.0
2034,GC 30022,5161,+0 4726.0
2035,LTT 16270,5166.01,
2036,AC7 8031,5188.01,
2037,LTT 16295,5191.00A,+0 4234.0
,,5191.00B,
2038,LTT 16324,5239.1,
2039,"Ci20, 1320",5292,
2040,LTT 16560,5418.10M,+21 4747.0
,,5418.10A,
2041,"Ci20, 1407",,+38 4955.0
2042,7 Psc,5648,+4 4997.0
2043,77 Peg,5742,+9 5268.0
2044,LTT 16991,5747.01A,
,,5747.01B,
2045,LTT 16990,5747.01A,
,,5747.01B,
,Mean,,
2046,HD 5223 Lal 2975 7 Tau K Tau Lal,180,+23 123.0
2047,Lal 2975,,+28 271.0
2048,Gamma Tau,954.02,+15 612.0
2049,Kappa Tau,,+21 642.0
2050,Lal 18397,2230,+40 2197.0
2051,Beta Lmi,2450,+37 2080.0
2052,37 UMa,2472,+57 1277.0
2053,L825-14,2473.01,
2054,Lal 21185,2576,+36 2147.0
2055,61 UMa,2699,+35 2270.0
2056,Grb 1830,2745,+38 2285.0
2057,Grb 2131,3302.01,+57 1519.0
2058,Beta CrB,3495.00M,+29 2670.0
,,3495.00A,
,,3495.00B,
2059,Eta Her,3803,+39 3029.0
2060,WB 1259,3815,+33 2777.0
2061,Ross 868,3941.00A,
,,3941.00B,
2062,CC1069,4097.02,+4 3561.0
2063,99 Her,4153,+30 3128.0
2064,Chi Dra,4245.00M,+72 839.0
,,4245.00A,
2065,+76â785,4834,+76 785.0
2066,Beta Del,4906,+14 4369.0
2067,VW Cep,4937.00M,+75 752.0
,,4937.00A,
,,4937.00C,
2068,Lal 40844,5070,+6 4741.0
2069,G93-48,5282.01,
2070,D'AG 6348,5710,+17 4946.0