Number,Name,RA 1900 (Hour),RA 1900 (Min),Dec 1900 (Degrees),Dec 1900 (Min),RA 2000,Dec 2000,D Number 1,D Number 2,Mag.,Spectral type,Prop. Mot.,Rel. Parallax,Error,Error for one good plate
1,Sigma Andromedae,0,13,36,14,00h18m14.1243s,+36d47m19.9256s,35,44,4.5,A2,0.08,0.012,0.008,0.022
2,Delta Piscium,0,43,7,2,00h48m10.7732s,+07d34m45.0455s,6,107,4.5,K5,0.09,0.012,7.0,20.0
3,Epsilon Piscium,0,58,7,21,01h03m12.059s,+07d53m14.9045s,7,153,4.5,G5,0.08,0.023,8.0,23.0
4,Mu Cassiopeiae,1,2,54,26,01h08m00.2082s,+54d58m04.4907s,54,223,5.3,G5,3.75,0.143,9.0,23.0
5,Omicron  Piscium,1,40,8,39,01h45m16.4502s,+09d09m06.8914s,8,273,4.5,G5,0.09,0.012,6.0,18.0
6,Beta Arietis,1,49,20,19,01h54m30.8763s,+20d48m30.9278s,20,306,2.7,A5,0.15,0.072,8.0,19.0
7,39 Arietis,2,42,28,50,02h47m56.3088s,+29d15m07.2932s,28,462,4.6,K,0.18,0.022,6.0,16.0
8,37 Tauri,3,59,21,49,04h04m54.2667s,+22d05m27.4542s,21,585,4.5,K,0.11,-0.022,9.0,24.0
9,50 Persei,4,2,37,47,04h08m38.7245s,+38d03m01.6966s,37,882,5.6,F,0.26,0.043,8.0,22.0
10,Mu Geminorum,6,17,22,34,06h23m02.6466s,+22d31m05.0737s,22,1304,3.2,Ma,0.13,0.03,8.0,20.0
11,Epsilon Geminorum,6,38,25,14,06h44m09.2199s,+25d08m02.6116s,25,1406,3.2,G5,0.02,0.008,8.0,24.0
12,Alcor,13,21,55,31,13h24m59.1237s,+54d59m45.4245s,55,1603,4,A5,0.13,0.035,5.0,13.0
13,Gamma Serpentis,15,52,15,59,15h56m35.036s,+15d41m34.8003s,16,2849,3.9,F8,1.34,0.053,9.0,22.0
14,Sigma Coronae (prec),16,11,34,7,16h14m46.9382s,+33d51m56.9018s,34,2750,6.7,,,0.03,9.0,22.0
15,Sigma  Coronae (fol),,,,,0,0,,,5.8,,,0.052,10.0,21.0
,Mean,,,,,0,0,,,,F5,0.3,0.042,7.0,
16,Gamma Herculis,16,18,19,23,16h22m25.0346s,+19d08m54.4955s,19,3086,3.8,Fo,,0.012,8.0,21.0
17,Lambda Ophiuchi,16,26,2,12,16h31m02.8895s,+01d59m00.9849s,2,3118,3.9,A,0.1,-0.01,8.0,18.0
18,29 Herculis,16,28,11,42,16h32m42.0406s,+11d29m15.7273s,11,3008,4.9,K5,0.2,-0.017,5.0,10.0
19,19 Draconis,16,55,65,17,16h55m29.5536s,+65d07m41.1173s,65,1157,4.8,F5,0.25,0.082,8.0,18.0
20,Lalande 31132,17,0,47,12,17h02m48.1038s,+47d03m33.0325s,47,2419,6.5,,0.83,0.061,11.0,28.0
21,Pi Herculis,17,12,36,55,17h15m29.2237s,+36d48m18.169s,36,2844,3.4,K2,0.03,0.012,8.0,21.0
22,Lalande 31546,17,16,1,32,17h21m03.9831s,+01d25m59.2997s,1,3421,6.9,,0.3,0.039,9.0,22.0
23,72 Herculis,17,17,32,36,17h20m43.4543s,+32d30m02.1285s,32,2696,5.4,G,1.06,1.06,9.0,21.0
24,Fedorenko 2895,17,25,67,23,17h24m51.0036s,+67d17m54.4075s,67,1014,6.3,K,0.53,0.084,9.0,26.0
25,Omega Draconis,17,38,68,48,17h37m24.9421s,+68d44m45.3313s,68,949,4.9,F5,0.33,0.04,8.0,25.0
26,Beta Ophiuchi,17,39,4,37,17h43m56.6833s,+04d34m18.1426s,4,3489,2.9,K,0.16,0.018,9.0,24.0
27,Xi Draconis,17,52,56,53,17h53m42.6797s,+56d51m57.5409s,56,2033,3.9,K,0.12,0.021,8.0,24.0
28,Theta Herculis,17,53,37,16,17h56m25.7541s,+37d15m13.796s,37,2982,4,K,0.01,-0.005,3.0,9.0
29,99 Herculis,18,3,30,33,18h06m48.5093s,+30d33m42.9147s,30,3128,5.2,F8,0.11,0.025,6.0,14.0
30,109 Herculis,18,19,21,43,18h23m14.3172s,+21d46m04.485s,21,3411,3.9,K,0.31,0.006,6.0,16.0
31,B.D. +6  3855,18,32,6,36,18h36m52.0012s,+06d41m00.0678s,6,3855,5.4,F,0.15,0.019,8.0,20.0
32,Zeta Aquilae,19,1,13,43,19h05m35.8237s,+13d52m06.662s,13,3899,3,A,0.1,0.036,8.0,22.0
33,B.D. +16  3752,19,3,16,42,19h07m28.7159s,+16d51m22.9743s,16,3752,6,F,0.34,0.058,6.0,17.0
34,Delta Aquilae,19,20,2,55,19h25m00.8s,+03d06m46.1932s,2,3879,3.4,F,0.26,0.062,7.0,18.0
35,Zeta Cygni,21,9,29,49,21h13m15.4943s,+30d13m44.6079s,29,4348,3.4,K,0.06,0.014,8.0,21.0
36,Iota Pegasi,21,17,19,23,21h21m36.6955s,+19d48m31.7071s,19,4691,4.2,K,0.12,0.02,9.0,25.0
37,71 Cygni,21,26,46,6,21h29m41.1568s,+46d32m18.8103s,45,3558,5.3,K,0.12,0.04,8.0,23.0
38,Epsilon Pegasi,21,39,9,25,21h43m54.4777s,+09d52m29.3336s,9,4891,2.5,K,0.03,-0.022,9.0,29.0
39,Xi Cephei (prec),22,1,64,8,22h03m50.6334s,+64d37m06.5473s,63,1802,6.5,,0.23,0.024,9.0,25.0
40,Xi Cephei (fol),22,1,64,8,22h03m50.6334s,+64d37m06.5473s,63,1802,4.4,A8,0.23,0.045,12.0,31.0
,Mean,,,,,0,0,,,,,,0.032,7.0,
41,Pi Pegasi,22,6,32,41,22h10m26.8285s,+33d10m30.8712s,32,4652,4.4,F5,0.03,0,7.0,24.0
42,Zeta Cephei,22,7,57,42,22h10m27.7952s,+58d11m32.9588s,57,2475,3.6,K,0.03,0.023,9.0,27.0
43,Iota Lacertae,22,12,37,15,22h16m21.7061s,+37d44m54.6876s,37,4526,4.2,K,0.02,0,10.0,20.0
44,3 Lacertae,22,20,51,44,22h23m56.469s,+52d14m24.0006s,51,3358,4.6,K,0.19,0.012,8.0,23.0
45,35 Pegasi,22,23,4,12,22h28m03.2155s,+04d42m36.6767s,3,4710,4.9,K,0.33,0.028,7.0,19.0
46,7 Lacertae,22,27,49,46,22h31m05.7785s,+50d16m48.8033s,49,3875,3.9,A,0.14,0.039,9.0,26.0
47,Eta Pegasi,22,38,29,42,22h42m41.1476s,+30d13m24.7223s,29,4741,3.1,G,0.04,-0.002,13.0,37.0
48,2 Andromedae,22,58,42,13,23h02m35.8639s,+42d45m16.958s,41,4665,5.1,A2,0.06,0.05,8.0,20.0
49,Kappa Piscium,23,22,0,42,23h27m07.0367s,+01d15m00.6621s,0,4998,4.9,A2,0.12,0.038,11.0,26.0
50,Omega Piscium,23,54,6,19,23h59m07.1552s,+06d52m24.3541s,6,5227,4,F5,0.19,-0.002,9.0,17.0
51,Lambda Aurigae,5,12,40,1,05h18m57.6904s,+40d07m26.9336s,39,1248,4.8,G0,0.84,0.062,0.007,0.019
52,Omicron Aurigae,5,38,49,47,05h45m45.0647s,+49d49m38.3448s,49,1398,5.5,A0,0.009,0.012,7.0,20.0
53,4 Geminorum,6,4,23,1,06h10m04.1093s,+22d59m58.4613s,23,1232,6.7,B9,0.014,0,7.0,20.0
54,Omicron Sigma 149,6,30,27,21,06h36m15.673s,+27d16m11.2023s,27,1164,6.9,G0,0.6,0.021,4.0,10.0
55,Xi Geminorum,6,40,13,0,06h45m37.5785s,+12d53m47.6789s,13,1396,3.4,F5,0.23,0.055,8.0,23.0
56,18 Monocerotis,6,43,2,31,06h48m13.0188s,+02d24m23.6829s,2,1397,4.7,K0,0.03,0.019,10.0,25.0
57,Tau Geminorum,7,5,30,25,07h11m22.1538s,+30d15m12.3463s,30,1439,4.5,K0,0.05,0.005,10.0,25.0
58,Delta Geminorum,7,14,22,10,07h19m58.5548s,+21d58m59.1819s,22,1645,3.5,F0,0.02,0.055,7.0,19.0
59,6 Canis Minoris,7,24,12,13,07h29m34.0383s,+12d00m38.9203s,12,1567,4.8,K0,0.02,0.019,8.0,19.0
60,Nu Geminorum,7,30,27,7,07h36m09.9581s,+26d53m48.0103s,27,1424,4.2,K5,0.12,0.01,10.0,25.0
61,Sigma Geminorum,7,37,29,8,07h43m14.5503s,+28d53m51.8392s,29,1590,4.3,K0,0.24,0.015,6.0,13.0
62,Kappa Geminorum,7,30,24,38,07h36m03.4016s,+24d24m48.4497s,24,1759,3.7,G5,0.06,0.025,7.0,20.0
63,13 Canis Minoris,7,57,2,37,08h02m12.4003s,+02d20m20.6915s,2,1854,4.5,K0,0.1,-0.017,7.0,20.0
64,27 Lyncis,8,1,51,48,08h08m31.9127s,+51d30m41.7894s,51,1391,4.9,A2,0.05,0.025,11.0,32.0
65,31 Lyncis,8,16,43,30,08h22m50.876s,+43d10m54.3191s,43,1815,4.4,K0,0.11,0.025,7.0,22.0
66,Sigma Hydrae,8,34,3,42,08h39m13.7693s,+03d20m54.2801s,3,2026,4.5,K5,0.02,0.014,12.0,32.0
67,Gamma Cancri,8,38,21,50,08h43m47.8959s,+21d28m25.4425s,21,1895,4.7,A0,0.11,0.006,6.0,15.0
68,Delta Cancri,8,39,18,31,08h44m41.0851s,+18d09m19.1548s,18,2027,4.2,K0,0.24,-0.012,12.0,32.0
69,Theta Hydrae,9,9,2,44,09h14m11.3408s,+02d19m12.6626s,2,2167,3.8,A0,0.34,0.012,7.0,20.0
70,Kappa Leonis,9,19,26,37,09h24m49.6063s,+26d11m13.6784s,26,1939,4.6,K0,0.06,-0.009,5.0,15.0
71,Sigma 2725 (brighter),20,42,15,32,20h46m39.0412s,+15d53m57.2919s,15,4251,7.3,,0.12,0.025,9.0,22.0
72,Sigma 2725 (fainter),20,42,15,32,20h46m39.0412s,+15d53m57.2919s,15,4251,8,,0.1,-0.002,11.0,28.0
,Mean,,,,,0,0,,,,,,0.014,7.0,
73,Xi Cygni,21,1,43,32,21h04m38.0993s,+43d55m54.7982s,43,3800,3.9,K5,0.11,-0.008,6.0,16.0
74,Tau Cygni,21,11,37,37,21h14m58.296s,+38d01m55.4732s,37,4240,3.8,F0,0.45,0.058,10.0,29.0
75,Iota Pegasi,22,2,24,51,22h06m37.1204s,+25d20m14.5698s,24,4533,4,F5,0.3,0.067,8.0,26.0
76,Epsilon Cephei,22,11,56,33,22h14m35.31s,+57d02m49.2594s,56,2741,4.2,A5,0.45,0.027,11.0,27.0
77,5 Lacertae,22,25,47,12,22h29m09.9556s,+47d42m42.0913s,46,3719,4.6,K0,0.02,0,8.0,25.0
78,Mu Pegasi,22,45,24,4,22h49m48.565s,+24d35m44.8618s,23,4615,3.7,K0,0.16,0.043,6.0,18.0
79,Beta 382,22,49,44,13,22h53m28.5983s,+44d44m55.0403s,43,4331,5.6,A0,0.013,0.013,12.0,31.0
80,Phi Pegasi,23,47,18,34,23h52m05.3074s,+19d07m22.4949s,18,5231,5.2,Ma,0.05,0.009,8.0,19.0
81,Rho Cassiopeiae,23,49,56,57,23h53m59.6894s,+57d30m23.2011s,56,3111,4.8,F8p,0.004,0.013,11.0,26.0
82,Alpha Arietis,2,2,22,59,02h07m37.0918s,+23d27m34.5978s,22,306,2.2,K2,0.24,0.029,0.006,0.017
83,6 Persei,2,7,50,36,02h13m35.7181s,+51d04m09.2458s,50,481,5.4,G5,0.39,7,7.0,22.0
84,73 Ceti,2,23,8,1,02h28m18.8765s,+08d27m53.1678s,7,388,4.3,A0,0.04,17,9.0,26.0
85,86 Gamma Ceti,2,38,2,49,02h43m11.9475s,+03d14m32.2119s,2,422,3.6,A0,0.21,14,8.0,20.0
86,87 Mu Ceti,2,40,9,42,02h45m22.6055s,+10d07m20.3681s,9,359,4.4,A5,0.29,28,7.0,20.0
87,17 Persei,2,45,34,39,02h51m09.694s,+35d03m49.2145s,34,527,4,K5,0.08,5,10.0,28.0
88,27 Kappa Persei,3,3,44,29,03h09m43.3757s,+44d51m57.5647s,44,631,4.7,K0,0.24,32,7.0,19.0
89,B. D. + 33  619,3,12,33,51,03h18m15.2778s,+34d13m00.8672s,33,619,4.9,K0,0.015,7,6.0,17.0
90,35 Sigma Persei,3,24,47,39,03h31m03.4306s,+47d59m37.3888s,47,843,4.6,K0,0.021,8,8.0,22.0
91,74 Epsilon Tauri,4,23,18,58,04h28m49.7658s,+19d11m19.9945s,18,640,3.6,K0,0.12,23,10.0,30.0
92,32 Nu Aurigae,5,45,39,7,05h51m55.9746s,+39d08m40.8168s,39,1429,4.2,K0,0.007,17,7.0,21.0
93,Iota Geminorum,5,58,23,16,06h04m04.8452s,+23d15m50.8783s,23,1170,4.3,G5,0.11,20,9.0,27.0
94,8 Monocerotis,6,18,4,39,06h23m18.1541s,+04d35m59.592s,4,1236,4.5,A5,0.009,16,6.0,19.0
95,43 Zeta Geminorum,7,58,20,43,08h03m50.7333s,+20d26m10.7024s,20,1687,var.,G0,0.007,-5,10.0,25.0
96,54 Lambda Geminorum,7,12,16,43,07h17m45.1849s,+16d32m16.6458s,16,1443,3.6,A2,0.07,33,9.0,24.0
97,6o Iota Geminorum,7,20,28,0,07h26m13.5467s,+27d48m08.8448s,28,1385,3.9,K0,0.14,35,8.0,25.0
98,17 Beta Cancri,8,11,9,30,08h16m25.7441s,+09d11m35.6568s,9,1917,3.8,K2,0.07,-3,9.0,26.0
99,5 Beta Virginis,11,45,2,20,11h50m07.6471s,+01d46m38.3697s,2,2489,3.8,F8,0.79,96,6.0,15.0
100,67 Ursae Majoris,11,57,43,36,12h02m07.6256s,+43d02m35.424s,43,2179,5.1,A3,0.32,8,7.0,20.0
101,42 Comae,13,5,18,3,13h09m54.9511s,+17d31m01.635s,18,2697,4.5,F5,0.45,64,14.0,31.0
102,8 Gamma Coronae,15,39,26,37,15h43m12.7227s,+26d17m58.1678s,26,2722,3.9,A0,0.1,24,10.0,25.0
103,16 Tau Coronae,16,5,36,45,16h08m39.9351s,+36d29m09.9137s,36,2699,4.9,G2,0.32,21,10.0,21.0
104,19 Xi Coronae,16,18,31,7,16h21m54.6207s,+30d52m52.4841s,31,2845,4.7,G5,0.13,9,8.0,19.0
105,B. D. + 31  2873,16,33,31,9,16h36m52.4104s,+30d56m52.9613s,31,2873,7.3,F8,0.48,7,9.0,22.0
106,40 Zeta Herculis,16,38,31,47,16h41m49.8733s,+31d35m33.7129s,31,2884,3,G0,0.7,114,12.0,32.0
107,B. D. + 0  3593,16,48,0,11,16h53m07.1638s,+00d01m01.8986s,0,3593,6.8,G5,1.66,79,11.0,27.0
108,65 Delta Herculis,17,11,24,57,17h15m06.6686s,+24d50m12.2771s,25,3221,3.2,A0,0.16,29,7.0,19.0
109,68 u Herculis,17,14,33,12,17h17m41.7273s,+33d05m36.2176s,33,2864,var.,B3,0.021,-23,10.0,28.0
110,26 Draconis,17,34,61,57,17h34m58.4482s,+61d53m17.3194s,61,1678,5.3,F0,0.57,46,9.0,27.0
111,84 Herculis,17,39,24,22,17h43m07.1299s,+24d19m14.5424s,24,3237,5.7,F0,0.13,1,9.0,24.0
112,86 µ Herculis,17,43,27,47,17h46m57.1818s,+27d44m48.7096s,27,2888,3.5,G5,0.82,104,8.0,24.0
113,30 Draconis,17,47,50,48,17h49m23.8282s,+50d46m16.8421s,50,2468,5.2,A0,0.21,-12,7.0,19.0
114,33 Gamma Draconis,17,54,51,30,17h56m19.4506s,+51d29m17.7085s,51,2282,2.4,K5,0.026,11,8.0,22.0
115,B. D. + 4  3589,18,1,4,39,18h05m56.5086s,+04d39m30.3797s,4,3589,6.8,G0,0.3,48,9.0,28.0
116,72 Ophiuchi,18,3,9,33,18h07m44.894s,+09d33m47.0233s,9,3564,3.7,A2,0.1,32,8.0,22.0
117,110 Herculis,18,41,20,27,18h45m18.2988s,+20d33m15.2375s,20,3926,4.3,F5,0.34,40,11.0,28.0
118,13 Theta Cygni,19,34,49,59,19h36m41.2098s,+50d12m30.123s,49,3062,4.6,F5,0.25,57,8.0,19.0
119,Beta 658,19,40,26,54,19h44m05.8811s,+27d08m23.4081s,26,3654,6.5,K0,0.06,-15,9.0,26.0
120,15 Cygni,19,41,37,7,19h44m35.8596s,+37d21m29.325s,37,3586,5,K0,0.08,15,9.0,24.0
121,37 Gamma Cygni,20,19,39,56,20h22m35.4489s,+40d15m15.502s,39,4159,2.3,F8p,0.006,-22,8.0,22.0
122,58 Nu Cygni,20,53,40,47,20h56m43.4934s,+41d10m05.3515s,40,4364,4,A0,0.027,-5,8.0,22.0
123,46 Xi Pegasi,22,42,11,40,22h46m58.2512s,+12d11m36.754s,11,4875,4.3,F5,0.55,44,9.0,24.0
124,47 Lambda Pegasi,22,42,23,2,22h46m48.7492s,+23d33m36.5302s,22,4709,4.1,K0,0.06,32,11.0,28.0
125,3 Andromedae,23,0,49,30,23h04m27.9915s,+50d02m21.2472s,49,4028,4.9,K0,0.23,-9,11.0,29.0
126,7 Andromedae,23,8,48,52,23h12m34.1386s,+49d24m37.607s,48,3964,4.6,F0,0.14,53,13.0,34.0
127,6 Gamma Piscium,23,12,2,44,23h17m06.0043s,+03d16m45.2955s,2,4648,3.8,K0,0.76,18,10.0,26.0
128,62 Tau Pegasi,23,16,23,12,23h20m56.9296s,+23d44m51.7693s,22,4810,4.6,A5,0.048,31,9.0,25.0
129,68 Nu Pegasi,23,20,22,51,23h24m58.0872s,+23d23m57.7865s,22,4833,4.6,G0,0.19,33,9.0,21.0
130,85 Pegasi,23,57,26,33,00h02m07.2581s,+27d06m24.5759s,26,4734,5.8,G0,1.29,84,12.0,32.0
131,Anonymous,0,0,45,14,00h05m08.9166s,+45d47m24.4529s,,,,,0.86,0.099,0.01,0.023
132,Omicron Sigma 547 (prec.),0,0,45,16,00h05m08.9184s,+45d49m24.4529s,45,4408,8.9,K5,,0.092,7.0,16.0
133,Omicron Sigma 547 (fol.),0,0,45,15,00h05m08.9175s,+45d48m24.4529s,,,8.9,K5,,0.121,9.0,23.0
,Mean,,,,,0,0,,,,,0.86,0.103,5.0,
134,Epsilon Andromedae,0,33,28,46,00h38m18.8864s,+29d19m00.3636s,28,103,4.5,G5,0.34,0.033,6.0,19.0
135,Beta Trianguli,2,4,34,31,02h09m56.168s,+34d59m24.7406s,34,381,3.1,A5,0.16,0.006,6.0,18.0
136,54 Chi Orionis,5,48,20,15,05h53m56.6801s,+20d16m18.9201s,20,1162,4.6,F8,0.21,0.096,10.0,29.0
137,B. D. + 13  1036,5,50,13,55,05h55m40.5061s,+13d56m02.6158s,13,1036,6.5,G5,0.48,0.083,8.0,20.0
138,71 Orionis,6,9,19,11,06h14m53.7806s,+19d09m15.5183s,19,1270,5.2,F5,0.22,0.034,7.0,21.0
139,Kappa Aurigae,6,9,29,32,06h15m22.9468s,+29d30m13.3951s,29,1154,4.4,K0,0.27,0.01,8.0,23.0
140,56 Aurigae,6,40,43,41,06h47m12.4882s,+43d34m40.8799s,43,1595,5.3,F5,0.16,0.072,7.0,20.0
141,B. D. + 21  1596,7,21,21,44,07h26m56.8709s,+21d32m01.8093s,21,1596,6.4,F5,0.31,0.035,7.0,22.0
142,10 Ursa Majoris,8,54,42,11,09h00m33.4427s,+41d47m39.4503s,42,1956,4.1,F5,0.5,0.067,6.0,18.0
143,Mu Leonis,9,47,26,29,09h52m42.829s,+26d00m50.0105s,26,2019,4.1,K0,0.23,0.02,9.0,23.0
144,B. D. + 4  3195,16,26,4,26,16h30m58.0749s,+04d13m00.6615s,4,3195,7.3,F6,1.45,0.029,6.0,15.0
145,41 Herculis,16,40,6,17,16h44m53.7126s,+06d05m54.5652s,6,3288,6.7,G5,0.35,0.028,8.0,20.0
146,B. D. + 63  1439,18,34,63,37,18h34m40.5032s,+63d41m59.2532s,63,1439,8.1,G5,0.25,0.023,8.0,19.0
147,B. D + 10  3665,18,44,10,39,18h48m42.6363s,+10d45m42.7184s,10,3665,8,K0,0.46,0.045,11.0,25.0
148,B. D. + 17  3779,18,52,17,59,18h56m25.0521s,+18d06m49.7605s,17,3779,5.7,AO,0.18,0,8.0,21.0
149,Iota Cygni,19,27,51,31,19h29m31.0053s,+51d43m33.0612s,51,2605,3.9,A2,0.13,-0.006,7.0,18.0
150,Omicron1 Cygni,20,10,46,31,20h13m08.4405s,+46d49m08.6532s,46,2881,5,A2,0.021,-0.011,10.0,30.0
151,Omicron2 Cygni,20,10,46,26,20h13m08.7876s,+46d44m08.6743s,46,2882,4,K0,0.006,-0.013,9.0,25.0
152,B. D. + 41  3799,20,29,41,33,20h32m33.103s,+41d53m25.7181s,41,3799,7,G5,0.47,0.021,8.0,21.0
153,B. D. + 57  2240,20,43,57,13,20h45m29.8301s,+57d34m56.8067s,57,2240,4.6,G0,0.24,0.04,5.0,14.0
154,B. D. + 17  4519,21,7,17,21,21h11m38.7336s,+17d45m33.9438s,17,4519,7.3,F5,0.91,0.038,4.0,11.0
155,B. D. + 45  3561,21,26,45,27,21h29m43.1s,+45d53m18.8972s,45,3561,7.9,G0,0.56,0.02,11.0,29.0
156,Rho Cygni,21,30,45,9,21h33m45.8541s,+45d35m40.3325s,44,3865,4.2,K0,0.1,-0.017,9.0,21.0
157,B. D. + 53  2735,21,51,53,28,21h54m31.4834s,+53d56m23.5296s,53,2735,6.9,F5,0.17,0.009,6.0,18.0
158,B. D. + 56  2727,22,8,56,21,22h11m33.6428s,+56d50m37.2193s,56,2727,5.4,F8,0.27,0.022,7.0,19.0
159,Beta Pegasi,22,59,27,32,23h03m49.5692s,+28d04m19.4442s,27,4480,2.6,Mb,0.23,0.018,10.0,26.0
160,Lambda Andromedae,23,33,45,55,23h37m52.4848s,+46d28m13.0807s,45,4283,4,K0,0.45,0.044,5.0,12.0
161,Chi Pegasi,0,9,19,39,00h14m09.835s,+20d12m22.0194s,19,27,4.9,Ma,0.1,0.01,0.006,0.019
162,Nu Piscium,1,14,26,44,01h19m29.763s,+27d15m33.2221s,26,220,4.7,A2,0.029,0.011,7.0,21.0
163,Gamma Andromedae (prec),1,58,41,51,02h04m08.2311s,+42d19m51.3214s,41,395,2.3,K0,0.07,-0.003,10.0,31.0
164,Gamma Andromedae (fol),1,58,41,51,02h04m08.2311s,+42d19m51.3214s,41,395,5.1,A0,0.07,-0.005,7.0,22.0
,Mean,,,,,0,0,,,,,,-0.004,6.0,
165,16 Persei,2,44,37,54,02h50m17.2316s,+38d18m54.6902s,37,646,4.3,F0,0.22,0.017,8.0,26.0
166,Omicron Tauri,3,19,8,41,03h24m23.4452s,+09d02m17.1136s,8,511,3.8,G5,0.1,0.001,6.0,18.0
167,40 Orionis,5,31,9,14,05h36m29.045s,+09d17m49.1466s,9,898,4.4,K0,0.32,0.034,8.0,22.0
168,B. D. + 5  1168,6,12,5,8,06h17m19.3261s,+05d05m51.8298s,5,1168,5.8,F8,0.28,0.046,8.0,21.0
169,8 Lyncis,6,29,61,34,06h38m11.1479s,+61d29m07.191s,61,893,6,F0,0.019,0.023,9.0,24.0
170,B. D. + 21  1528,7,4,21,25,07h09m57.3754s,+21d15m22.4448s,21,1528,6.5,F8,0.51,0.022,6.0,16.0
171,18 Lyncis,7,7,59,49,07h15m45.3569s,+59d38m45.683s,59,1065,5.3,G5,0.27,0.031,6.0,18.0
172,38 Lyncis,9,13,37,14,09h19m13.4727s,+36d48m46.4567s,37,1965,3.8,A0,0.13,0.026,8.0,24.0
173,35 Leonis,10,11,24,0,10h16m33.6757s,+23d30m06.8764s,24,2207,5.9,G0,0.21,0.038,7.0,19.0
174,Omicron Virginis,12,0,9,17,12h05m07.1503s,+08d43m35.5457s,9,2583,4.2,G5,0.22,0.034,6.0,17.0
175,8 Canum Ven.,12,29,41,54,12h33m51.1531s,+41d20m54.239s,42,2321,4.3,G0,0.75,0.109,6.0,16.0
176,B. D. + 10  2637,14,5,10,43,14h09m54.3368s,+10d14m37.4963s,10,2637,7.9,G0,0.17,0.023,9.0,23.0
177,Xi Bootis,14,47,19,31,14h51m35.8557s,+19d06m17.9408s,19,2870,4.6,K5,0.17,0.147,7.0,19.0
178,45 Bootis,15,3,25,16,15h07m22.1834s,+24d52m54.9837s,25,2873,5,A5,0.27,0.054,6.0,5.0
179,B. D. + 25  2874,15,3,25,18,15h07m22.115s,+24d54m54.9801s,25,2874,9.9,K5,0.96,0.061,10.0,19.0
180,Sigma Serpentis,16,17,1,16,16h22m04.9611s,+01d01m49.2082s,1,3215,4.8,F0,0.17,0.026,10.0,28.0
181,B. D. + 8  3689,18,21,8,44,18h25m46.8972s,+08d47m24.2591s,8,3689,7.7,G5,0.54,0.026,9.0,21.0
182,B. D. + 52  2294,18,49,52,51,18h51m14.827s,+52d58m14.9586s,52,2294,5.6,G5,0.29,0.043,7.0,20.0
183,Sigma Cygni,21,13,38,59,21h16m55.5287s,+39d24m06.9325s,38,4431,4.3,B8p,0.008,-0.007,9.0,24.0
184,72 Cygni,21,31,38,5,21h35m04.2378s,+38d31m46.3837s,37,4359,5,K0,0.15,0.012,10.0,27.0
185,16 Cephei,21,58,72,42,21h59m27.5548s,+73d10m50.5042s,72,1009,5.2,F0,0.18,0.033,9.0,24.0
186,Beta Cassiopeiae,0,4,58,36,00h09m13.7772s,+59d09m23.7441s,58,3,2.4,F5,0.56,0.074,0.011,0.026
187,Eta Cassiopeiae,0,43,57,17,00h48m49.221s,+57d49m44.4921s,57,150,3.6,F8,1.24,0.173,6.0,12.0
188,Alpha Ceti,2,57,3,42,03h02m13.8138s,+04d05m39.8204s,3,419,2.8,Ma,0.08,0.001,5.0,12.0
189,Lambda Tauri,3,55,12,12,04h00m32.5661s,+12d28m59.111s,12,539,var.,B3,0.015,0.012,8.0,20.0
190,Zeta Aurigae,4,55,40,56,05h01m59.4288s,+41d04m51.5124s,40,1142,3.9,K0,0.033,-0.003,5.0,16.0
191,16 Virginis,12,15,3,52,12h20m06.7454s,+03d18m41.3006s,4,2604,5.1,K0,0.3,-0.011,8.0,21.0
192,Piazzi 243,12,56,18,55,13h00m56.0061s,+18d22m40.3015s,19,2622,6.1,G0,0.25,0.017,7.0,17.0
193,70 Virginis,13,24,14,19,13h28m55.06s,+13d47m56.3844s,14,2621,5.2,F0,0.63,0.032,8.0,23.0
194,Tau Bootis,13,43,17,57,13h47m48.4551s,+17d27m03.7186s,18,2782,4.5,F5,0.48,0.043,7.0,16.0
195,Kappa Bootis (fainter),14,10,52,15,14h13m34.3035s,+51d46m57.7971s,,,6.6,,0.07,0.022,9.0,16.0
196,Kappa Bootis (brighter),14,10,52,15,14h13m34.3035s,+51d46m57.7971s,52,1782,4.6,,0.07,0.018,11.0,27.0
,Mean,,,,,0,0,,,,A5,,0.02,7.0,
197,Lambda Bootis,14,13,46,33,14h16m49.6849s,+46d05m12.8369s,46,1949,4.3,A0,0.24,0.036,9.0,25.0
198,Theta Bootis,14,22,52,19,14h25m26.6816s,+51d51m56.8323s,52,1804,4.1,F8,0.47,0.062,11.0,25.0
199,Beta Serpentis,15,42,15,44,15h46m36.4713s,+15d25m21.2696s,15,2911,3.7,A2,0.09,0.031,8.0,18.0
200,Groombridge 2354,16,27,48,11,16h29m50.2964s,+47d58m00.1295s,48,2400,6.5,K0,0.3,-0.004,8.0,21.0
201,Eta Herculis,16,39,39,7,16h42m25.498s,+38d55m40.2639s,39,3029,3.6,K0,0.1,0.053,9.0,26.0
202,Lalande 31528,17,15,9,34,17h19m45.3732s,+09d27m49.3659s,9,3366,8.2,G0,0.31,-0.022,7.0,18.0
203,Beta Draconis,17,28,52,23,17h30m15.7578s,+52d18m30.8331s,52,2065,3,G0,0.012,0.014,8.0,24.0
204,Nu Draconis (prec.),17,30,55,15,17h31m56.5379s,+55d10m46.7874s,55,1944,5,A5,16.0,0.005,13.0,36.0
205,Nu Draconis (fol.),17,30,55,15,17h31m56.5379s,+55d10m46.7874s,55,1945,5,A5,0.17,0.022,10.0,28.0
,Mean,,,,,0,0,,,,,,0.016,8.0,
206,Piazzi 368,18,2,8,52,18h06m46.5303s,+08d52m38.3979s,8,3581,7.7,F5,0.15,0.004,9.0,21.0
207,Groombridge 2527,18,8,54,15,18h10m01.8172s,+54d16m18.8561s,54,1950,5.9,G5,0.28,0.007,7.0,18.0
208,Delta Draconis,19,13,67,29,19h12m59.9054s,+67d39m27.8197s,67,1129,3.2,K0,0.13,0.03,10.0,25.0
209,25 Aquilae,19,13,11,25,19h17m41.6389s,+11d35m47.2497s,11,3790,5,A0,0.01,0.006,5.0,14.0
210,Groombridge 2809,19,14,46,49,19h16m52.2113s,+46d59m47.9866s,46,2658,6,F0,0.28,0.013,11.0,29.0
211,16 Cygni (brighter),19,39,50,18,19h41m40.9878s,+50d32m09.916s,50,2847,6.3,,0.21,0.043,6.0,16.0
212,16 Cygni (fainter),19,39,50,17,19h41m41.0747s,+50d31m09.9217s,50,2848,6.4,,0.2,0.021,12.0,31.0
,Mean,,,,,0,0,,,,F0,,0.038,5.0,
213,Kappa Pegasi,21,40,25,11,21h44m31.4842s,+25d38m33.3432s,24,4463,4.3,F5,0.037,+ .02r,7.0,20.0
214,4 Camelopardi,4,40,56,35,04h48m19.6077s,+56d45m51.2756s,56,973,5.4,A2,0.16,0.008,0.007,0.022
215,Omicron Ursae majoris,8,22,61,3,08h30m20.1659s,+60d43m06.3962s,61,1054,3.5,G0,0.17,-0.004,6.0,19.0
216,36 Ursae majoris,10,24,56,30,10h30m26.1439s,+55d59m17.4401s,56,1459,4.8,F5,0.18,0.07,7.0,19.0
217,Groombridge 1658,10,27,40,56,10h32m51.3709s,+40d25m08.2379s,41,2101,4.8,F,0.14,0.023,7.0,19.0
218,Gamma Comae Berenices,12,22,28,49,12h26m59.6323s,+28d15m46.8628s,29,2288,4.6,K,0.12,-0.003,5.0,17.0
219,Delta Virginis,12,51,3,56,12h56m05.4065s,+03d23m29.8863s,4,2669,3.7,Ma,0.48,0.013,7.0,17.0
220,Beta 612,13,35,11,15,13h39m56.6724s,+10d44m34.0073s,11,2589,5.5,A,0.11,-0.001,8.0,23.0
221,Piazzi 194,13,42,6,51,13h47m00.5779s,+06d21m00.2426s,7,2690,6.3,F5,0.5,0.023,6.0,17.0
222,B. D. + 7  2692,13,43,6,53,13h48m00.4818s,+06d23m04.1082s,7,2692,10,,0.5,0.026,8.0,25.0
,Mean,,,,,0,0,,,,,,0.024,5.0,
223,Rho Bootis,14,28,30,49,14h32m19.2373s,+30d22m30.5203s,31,2628,3.8,K0,0.15,0.031,8.0,24.0
224,Epsilon Bootis (prec.),14,41,27,30,14h45m22.3396s,+27d04m42.4713s,27,2417,5.1,,,0.014,11.0,28.0
225,Epsilon Bootis (fol.),14,41,27,30,14h45m22.3396s,+27d04m42.4713s,27,2417,2.7,K0,0.05,0.006,9.0,22.0
,Mean,,,,,0,0,,,,,,0.009,7.0,
226,Beta Bootis,14,58,40,47,15h01m46.4707s,+40d23m21.8548s,40,2840,3.6,G5,0.06,0.13,8.0,22.0
227,Delta Bootis,15,11,33,41,15h15m01.3965s,+33d18m45.2698s,33,2561,3.5,K0,0.16,0.026,9.0,22.0
228,5 Serpentis,15,14,2,9,15h19m03.9146s,+01d47m08.4076s,2,2944,5.2,G,0.64,0.03,8.0,24.0
229,Iota Draconis,15,23,59,59,15h25m08.8339s,+59d37m58.9621s,59,1654,3.5,K0,0.01,0.02,10.0,25.0
230,Lambda Serpentis,15,42,7,40,15h46m52.7595s,+07d21m22.2554s,7,3023,4.4,G,0.24,0.081,8.0,21.0
231,Delta Coronae Borealis,15,45,26,22,15h49m12.3429s,+26d03m41.6651s,26,2737,4.7,G5,0.11,0.008,8.0,22.0
232,Kappa Coronae Borealis,15,47,36,58,15h50m43.2874s,+36d39m54.5566s,36,2652,4.8,Mb,0.36,0.025,5.0,15.0
233,Groombridge 3100 (prec.),20,11,52,49,20h13m38.9587s,+53d07m14.193s,52,2657,7,F5,0.18,0.007,9.0,27.0
234,Groombridge 3100 (fol.),20,11,52,49,20h13m38.9587s,+53d07m14.193s,,,9.1,,,0.015,15.0,36.0
,Mean,,,,,0,0,,,,,,0.009,8.0,
235,611 Cygni,21,3,38,15,21h06m53.9907s,+38d39m07.7589s,38,4343,5.6,,5.26,0.282,9.0,29.0
236,612 Cygni,21,3,38,15,21h06m53.9907s,+38d39m07.7589s,38,4344,6.3,K5,5.14,0.286,7.0,23.0
,Mean,,,,,0,0,,,,,,0.285,5.0,
237,Delta Andromedae,0,34,30,19,00h39m19.9742s,+30d51m58.9767s,30,91,3.5,K2,0.17,0.15,0.008,0.023
238,Zeta Andromedae,1,42,23,43,01h47m33.6113s,+24d12m58.6966s,23,106,4.3,K0,0.13,0.026,8.0,25.0
239,Mu Andromedae,1,51,37,57,01h56m57.5502s,+38d26m21.7397s,37,175,3.9,A2,0.16,0.04,9.0,27.0
240,28 Cassiopeiae,1,51,58,38,01h57m53.3824s,+59d07m19.8047s,58,138,4.8,K0,0.1,0.068,6.0,15.0
241,Eta Andromedae,1,52,22,53,01h57m34.7956s,+23d22m18.345s,22,153,4.6,G5,0.06,0.006,5.0,15.0
242,Chi Piscium,1,6,20,30,01h11m22.3483s,+21d01m55.2206s,20,172,4.9,K0,0.023,0.008,5.0,15.0
243,Zeta Piscium (prec.),2,9,7,3,02h14m16.6676s,+07d31m02.8921s,6,174,5.6,A5,0.15,0.021,12.0,29.0
244,Zeta Piscium (fol.),2,9,7,3,02h14m16.6676s,+07d31m02.8921s,6,175,6.5,F8,0.15,0.018,7.0,17.0
,Mean,,,,,0,0,,,,,,0.019,6.0,
245,38 Cassiopeiae,2,24,69,45,02h32m48.5439s,+70d11m38.8396s,69,102,6,F5,0.16,0.034,8.0,21.0
246,Eta Piscium,2,26,14,50,02h31m29.1134s,+15d16m37.0029s,14,231,3.7,G5,0.034,-0.015,3.0,16.0
247,Chi Cassiopeiae,2,27,58,43,02h34m22.9805s,+59d09m26.6613s,58,260,4.9,K0,0.038,0.015,5.0,15.0
248,Upsilon Persei,2,32,48,7,02h38m41.5608s,+48d33m01.4429s,47,467,3.8,K0,0.13,0.029,10.0,27.0
249,Nu Piscium,2,36,4,59,02h41m15.1453s,+05d24m43.2842s,4,293,4.7,K0,0.018,0.05,7.0,18.0
250,65 Andromedae,2,19,49,50,02h25m40.2609s,+50d17m10.2544s,49,656,4.9,K5,0.032,0,6.0,18.0
251,Theta Persei,2,37,48,48,02h43m46.4515s,+49d13m33.4194s,48,746,4.2,F8,0.35,0.074,6.0,20.0
252,Zeta Arietis,3,9,20,40,03h14m45.2001s,+21d02m22.1179s,20,527,5,A0,0.08,0.012,4.0,10.0
253,Nu Persei,3,38,24,16,03h43m57.2522s,+24d35m02.7584s,42,815,3.9,F5,0.008,0.004,7.0,18.0
254,Nu Tauri,3,58,5,43,04h03m19.2754s,+05d59m37.2685s,5,581,3.9,A0,0.009,0.009,9.0,27.0
255,Beta 883,4,46,10,54,04h51m32.0851s,+11d04m13.046s,10,654,7,F5,,0.036,5.0,16.0
256,Tau Aurigae,5,42,39,9,05h48m56.0368s,+39d11m07.01s,39,1418,4.6,K0,0.035,0.009,7.0,22.0
257,Lalande 11471,5,59,35,24,06h05m42.3449s,+35d23m39.3985s,35,1334,6.1,G0,0.33,0.043,9.0,29.0
258,Beta 895,6,13,28,29,06h19m19.6578s,+28d26m38.7149s,28,1078,7.2,A3,,0.001,6.0,17.0
259,6 Lyncis,6,22,58,14,06h30m41.5167s,+58d10m10.0383s,58,932,6,G5,0.33,0.014,8.0,23.0
260,Piazzi 305,6,57,29,30,07h03m20.1911s,+29d21m19.7284s,29,1441,6,F8,0.84,0.053,9.0,24.0
261,Alpha Geminorum (prec.),7,28,32,6,07h34m24.3451s,+31d53m03.1426s,,,2.8,A0,,0.054,7.0,25.0
262,Alpha Geminorum (fol.),7,28,32,6,07h34m24.3451s,+31d53m03.1426s,,,2,A0,,0.085,7.0,24.0
,Mean,,,,,0,0,32,1581,,,0.11,0.07,5.0,
263,Omicron  Geminorum,7,33,34,49,07h39m31.8892s,+34d35m22.512s,34,1649,4.9,F0,0.12,0.028,9.0,24.0
264,Lalande 15565,7,54,29,31,08h00m13.0178s,+29d14m39.6643s,29,1664,6.9,G0,1.17,0.042,6.0,19.0
265,14 Cancri,8,4,25,49,08h10m02.0029s,+25d31m25.0115s,25,1865,5.8,G5,0.36,0.031,10.0,25.0
266,18 Cancri,8,14,27,33,08h20m04.6233s,+27d14m11.5076s,27,1589,5.2,F5,0.39,0.06,9.0,25.0
267,4 Ursae Majoris,8,31,64,40,08h39m45.5279s,+64d19m02.6377s,64,698,4.8,K0,0.05,0.013,10.0,31.0
268,55 Cancri,8,47,28,43,08h53m00.9456s,+28d20m25.6504s,28,1660,6.1,K0,0.54,0.069,6.0,15.0
269,Zeta Hydrae,8,50,6,20,08h55m17.8782s,+05d57m08.7122s,6,2060,3.3,K0,0.1,0.024,8.0,22.0
270,11 Leonis Minoris,9,30,36,16,09h36m05.5576s,+35d49m13.5594s,36,1979,5.5,K0,0.75,0.117,7.0,20.0
271,78 Ursae Majoris,12,56,56,54,13h00m16.4626s,+56d21m39.573s,57,1408,4.9,F0,0.1,0.026,11.0,28.0
272,59 Virginis,13,12,9,57,13h17m00.1017s,+09d25m20.4097s,10,2531,5.2,F0,0.38,0.07,10.0,25.0
273,24 Bootis,14,25,50,18,14h28m31.9638s,+49d51m12.6s,50,2084,5.6,G5,0.31,0.018,11.0,27.0
274,Groombridge 2152,14,45,38,13,14h48m57.8446s,+37d48m04.3686s,38,2593,6,F0,0.27,0.01,10.0,25.0
275,Alpha Serpentis,15,39,6,44,15h43m54.713s,+06d25m00.6869s,6,3088,2.8,K0,0.14,0.046,10.0,25.0
276,Epsilon Serpentis,15,46,4,47,15h50m58.2934s,+04d28m51.8059s,4,3069,3.8,A0,0.14,0.03,7.0,19.0
277,39 Serpentis,15,49,13,31,15h53m40.5018s,+13d13m12.8371s,13,3024,6.2,G0,0.58,0.021,9.0,22.0
278,Rho Coronae Borealis,15,57,33,37,16h00m51.0596s,+33d20m09.5912s,33,2663,5.4,F0,0.81,0.045,8.0,20.0
279,Lalande 29437,16,4,6,40,16h08m53.9203s,+06d24m06.9664s,6,3169,6,F5,0.76,0.012,8.0,22.0
280,Sigma 2107,16,48,28,50,16h51m57.466s,+28d39m57.0497s,28,2624,6.5,F5,0.35,0.028,10.0,28.0
281,Groombridge 2389,16,50,43,0,16h53m08.6197s,+42d50m10.3484s,43,2659,6.7,G0,0.32,0.026,9.0,26.0
282,Lalande 31065,17,0,0,51,17h05m05.6223s,+00d42m42.7431s,0,3629,5.9,F8,0.029,0.034,6.0,15.0
283,Alpha Herculis (prec.),17,10,14,30,17h14m33.7119s,+14d23m05.6463s,,,3.5,,0.032,-0.025,9.0,25.0
284,Alpha Herculis (fol.),17,10,14,30,17h14m33.7119s,+14d23m05.6463s,,,5.4,,,-0.009,10.0,27.0
,Mean,,,,,0,0,14,3207,,Mb,,-0.018,7.0,
285,Beta 637,18,5,2,6,18h10m02.468s,+02d07m05.7902s,3,3613,5.7,F0,0.21,0.076,8.0,20.0
286,Alpha Trianguli,1,47,29,6,01h52m42.0397s,+29d35m38.6822s,28,312,3.6,F5,0.23,0.045,0.007,0.021
287,Gamma Persei,2,58,53,7,03h05m15.1197s,+53d30m27.365s,52,654,3.1,*,0.012,0.01,6.0,20.0
288,Lalande 6772,3,37,42,18,03h43m47.6784s,+42d37m06.9269s,42,812,7.4,G0,0.42,0.026,8.0,23.0
289,104 Tauri,5,2,18,31,05h07m51.0264s,+18d38m57.0785s,18,779,5,G0,0.54,0.055,8.0,26.0
290,18 Camelopardi,5,24,57,9,05h32m32.6823s,+57d13m36.6126s,57,889,6.5,G0,0.25,0.009,6.0,19.0
291,Groombridge 990,5,30,51,23,05h37m53.8042s,+51d26m47.3577s,51,1094,7.9,K0,0.56,0.035,6.0,16.0
292,Piazzi 146,5,33,53,26,05h41m06.8334s,+53d29m20.3234s,53,934,6.4,K0,0.51,0.083,6.0,20.0
293,Lalande 10797,5,39,37,15,05h45m48.7884s,+37d17m33.7125s,37,1312,7.3,K0,0.71,0.086,6.0,20.0
294,Delta Aurigae,5,51,54,17,05h59m13.252s,+54d17m42.7434s,54,970,3.9,K,0.15,0.023,9.0,28.0
295,Lalande 16933,8,32,26,24,08h37m58.731s,+26d03m05.3335s,26,1816,7.6,G5,0.24,0.022,10.0,29.0
296,81 Cancri,9,7,15,24,09h12m31.9355s,+14d59m23.431s,15,2003,6.4,G0,0.57,0.065,8.0,24.0
297,Theta Ursae Majoris,9,26,52,8,09h32m51.5258s,+51d41m32.6739s,52,1401,3.3,F8,1.09,0.057,9.0,22.0
298,Lalande 18721,9,27,27,26,09h32m49.2409s,+26d59m30.1178s,27,1775,7.1,K0,0.28,0.05,9.0,28.0
299,20 Leonis Minoris,9,55,32,25,10h00m50.0872s,+31d56m13.1459s,32,1964,5.6,F2,0.68,0.069,9.0,25.0
300,Groombridge 1603,9,58,38,30,10h03m59.6806s,+38d00m59.6206s,38,2096,6.8,F5,0.17,0.027,10.0,28.0
301,37 Ursae Majoris,10,29,57,36,10h35m25.3123s,+57d05m00.6781s,57,1277,5.2,F0,0.07,0.029,11.0,26.0
302,47 Ursae Majoris,11,54,40,58,11h59m09.1024s,+40d24m35.6438s,41,2147,5.1,F0,0.32,0.075,10.0,26.0
303,Lalande 22908,12,8,11,24,12h13m06.1776s,+10d50m37.5455s,11,2439,7.9,G5,0.59,0.023,10.0,26.0
304,10 Canum Venaticorum,12,40,39,49,12h44m47.0936s,+39d16m09.6187s,40,2570,6,F0,0.38,0.058,5.0,11.0
305,Lalande 23900,12,44,25,23,12h48m54.7774s,+24d50m16.4664s,25,2568,6.4,F2,0.37,0.021,12.0,31.0
306,Piazzi 200,13,42,56,23,13h45m40.2232s,+55d52m57.6622s,56,1683,6.4,F0,0.37,0.022,8.0,21.0
307,B. D. +19  2881,14,49,19,33,14h53m35.4929s,+19d08m29.7579s,19,2881,6,K0,0.48,0.081,8.0,16.0
308,Lalande 27922,15,15,-8,18,15h20m22.5225s,-08d39m43.9358s,-8,3949,7.9,F8,0.21,-0.01,9.0,22.0
309,Groombridge 2273. . . .,15,42,53,18,15h44m39.8804s,+52d59m14.2125s,53,1806,7.3,G5,0.26,0.01,10.0,26.0
310,12 Ophiuchi,16,31,-2,7,16h36m12.202s,-02d19m17.906s,-2,3220,5.9,F0,0.55,0.083,9.0,26.0
311,35 Draconis,17,54,76,59,17h49m30.089s,+76d57m47.8678s,76,667,5,F5,0.24,0.033,11.0,27.0
312,B. D. +8  3692,18,22,8,34,18h26m47.2992s,+08d37m32.9875s,8,3692,8.5,G5,0.51,0.037,12.0,24.0
313,Weisse 1064,18,37,31,28,18h40m46.6254s,+31d33m38.5393s,31,3330,8.7,K2,0.82,0.028,8.0,19.0
314,Lalande 39866,20,35,4,37,20h39m58.7242s,+04d58m11.6429s,4,4510,8.4,K5,0.84,0.045,11.0,28.0
315,56 Cygni,20,47,43,41,20h50m32.2039s,+44d03m26.3425s,43,3739,5.1,A8,0.18,0.029,6.0,15.0
316,Fedorenko 3638,20,52,74,23,20h51m12.6322s,+74d45m44.7282s,74,889,7.8,G5,0.69,0.037,9.0,23.0
317,Nu Pegasi,22,1,4,34,22h06m01.9145s,+05d03m11.2023s,4,4800,4.9,K0,0.14,0.01,9.0,19.0
318,Delta Cephei,22,25,57,54,22h28m42.326s,+58d24m41.3009s,57,2548,Var.,G0,0.02,0.006,6.0,15.0
319,Iota Cephei,22,46,65,40,22h49m34.6717s,+66d11m45.9162s,65,1814,3.7,K0,0.14,0.027,7.0,21.0
320,Piazzi 267,0,0,34,6,00h05m08.4133s,+34d39m24.4533s,33,4828,6.2,F0,0.77,0.04,0.009,0.024
321,Sigma 42 (brighter),0,31,29,27,00h36m18.5527s,+30d00m03.0026s,,,9,,0.45,0.032,6.0,17.0
322,Sigma 42 (fainter),0,31,29,27,00h36m18.5527s,+30d00m03.0026s,,,9.8,,,0.013,10.0,28.0
,Mean,,,,,0,0,29,105,8.6,F8,,0.027,5.0,
323,54 Piscium,0,34,20,43,00h39m15.5481s,+21d15m59.028s,20,85,6.1,K0,0.6,0.096,7.0,24.0
324,55 Piscium,0,35,20,53,00h40m15.8424s,+21d25m57.6136s,20,87,5.6,K0,0.05,0.003,6.0,17.0
325,Lalande 1045,0,35,39,39,00h40m25.7092s,+40d11m57.4962s,39,154,7.5,K0,0.8,0.086,6.0,15.0
326,Beta Andromedae,1,4,35,5,01h09m34.6245s,+35d37m00.0561s,34,198,2.4,Ma,0.22,0.033,7.0,19.0
327,Piazzi 142,1,36,42,7,01h41m58.4163s,+42d37m20.4901s,41,328,5.1,F8,0.82,0.081,7.0,22.0
328,9 Lambda Arietis,1,52,23,7,01h57m35.1057s,+23d36m18.3342s,22,288,4.8,A5,0.09,0.023,8.0,21.0
329,8 Delta Trianguli,2,11,33,46,02h16m57.1301s,+34d13m51.7006s,33,395,5.1,G0,0.081,0.062,8.0,22.0
330,Piazzi 123,2,31,6,25,02h36m17.0451s,+06d51m10.7387s,6,398,5.9,K0,2.32,0.145,8.0,23.0
331,10 Tauri,3,32,0,5,03h37m07.8536s,+00d24m48.3788s,0,572,4.4,G5,0.53,0.055,10.0,29.0
332,38 Omicron Persei,3,38,31,58,03h44m16.3638s,+32d17m01.6153s,31,642,3.9,B1,0.028,0,7.0,19.0
333,Groombridge 864,4,35,41,56,04h42m00.3093s,+42d07m37.8896s,41,931,7.3,G0,0.69,0.021,7.0,23.0
334,Companion to Capella,5,10,45,44,05h17m21.965s,+45d50m42.3516s,,,10.5,,0.42,0.71,8.0,21.0
335,Eta Geminorum,6,9,22,32,06h15m02.7174s,+22d30m14.8677s,22,1241,Var.,Ma,0.06,0.016,8.0,28.0
336,Lalande 12293,6,22,36,33,06h28m45.7385s,+36d29m18.4291s,36,1442,7.1,G0,0.39,0.032,7.0,21.0
337,19 Lyncis (fainter),7,15,55,28,07h23m09.5041s,+55d16m41.9269s,,,6.5,A,,-0.004,7.0,22.0
338,19 Lyncis (brighter),7,15,55,28,07h23m09.5041s,+55d16m41.9269s,,,5.6,B8,,0.007,8.0,23.0
,Mean,,,,,0,0,55,1192,,,0.033,0.001,5.0,
339,Omicron Leonis,9,36,10,21,09h41m21.1849s,+09d53m44.5943s,36,2044,3.8,F5,0.15,0.024,8.0,24.0
340,60 Leonia,10,57,20,43,11h02m20.3521s,+20d10m44.4678s,20,2547,4.4,A,0.029,0.007,8.0,20.0
341,Piazzi 40,12,14,17,6,12h19m04.4736s,+16d32m40.6383s,17,2462,7,G5,0.24,0.019,8.0,21.0
342,Lalande 24414,13,4,5,46,13h09m03.7037s,+05d13m59.2985s,6,2697,6.7,G0,0.68,0.035,9.0,24.0
343,Sigma 2106,16,46,9,35,16h50m46.1115s,+09d24m43.7644s,9,3287,6.8,F8,,-0.004,9.0,26.0
344,Sigma 2128,17,2,59,43,17h03m26.2558s,+59d34m44.1841s,59,1783,9.1,K0,0.43,0.039,8.0,20.0
345,Weisse 1805,17,58,26,20,18h02m01.2413s,+26d20m00.1124s,26,3151,7.1,K0,0.72,0.035,11.0,27.0
346,Lalande 33439,18,6,38,27,18h09m21.2993s,+38d28m07.1625s,38,3095,6.4,G,0.58,0.095,6.0,16.0
347,111 Herculis,18,43,18,4,18h47m24.5001s,+18d10m32.8503s,18,3823,4.4,A3,0.13,0.051,9.0,26.0
348,31 b Aquilae,19,20,11,44,19h24m41.1799s,+11d55m44.8549s,11,3833,5.2,G5,0.96,0.055,11.0,28.0
349,38 Mu Aquilae,19,29,7,10,19h33m51.6668s,+07d22m58.6899s,7,4132,4.6,K,0.27,0.016,8.0,18.0
350,Groombridge 2875,19,29,58,23,19h30m45.9446s,+58d35m46.2187s,58,1929,6.7,K0,0.66,0.025,6.0,16.0
351,Lalande 37120,19,30,32,59,19h33m47.2028s,+33d12m02.4216s,32,3474,6.6,G0,0.52,0.027,10.0,24.0
352,17 Cygni,19,43,33,30,19h46m47.6669s,+33d44m45.8255s,33,3587,5,F5,0.45,0.03,7.0,18.0
353,Lalande 38383,20,0,23,5,20h04m17.9949s,+23d21m58.5574s,22,3908,7.2,K2,1.37,0.038,7.0,20.0
354,Lalande 38380,20,0,29,38,20h04m01.5113s,+29d54m57.5237s,29,3872,5.7,K,0.86,0.044,7.0,18.0
355,Groombridge 3243,20,34,42,29,20h37m31.6105s,+42d49m59.9447s,42,3807,7.1,F8,0.2,-0.005,9.0,26.0
356,Oeltzen 21338,20,51,61,48,20h53m03.6702s,+62d10m47.3679s,61,2068,8.6,K0,0.77,0.134,7.0,18.0
357,Lalande 40848,20,59,45,29,21h02m30.9379s,+45d52m42.1607s,45,3371,8.1,K2,0.4,0.044,9.0,20.0
358,Beta 1138,20,59,45,27,21h02m31.0505s,+45d50m42.1665s,45,3374,6.2,B8,,-0.004,11.0,28.0
359,Lalande 41685,21,21,0,41,21h26m06.0636s,+01d06m55.3925s,0,4726,6.4,F2,0.19,0.047,10.0,24.0
360,Lalande 41818,21,25,11,50,21h29m49.7629s,+12d16m16.4918s,11,4578,7.7,G0,0.18,0.001,8.0,23.0
361,Lalande 42286,21,37,26,18,21h41m28.9433s,+26d45m18.2581s,26,4237,7.4,G5,0.36,0.028,7.0,18.0
362,Mu Cephei,21,40,58,19,21h43m03.2736s,+58d46m29.7145s,58,2316,Var.,Ma,0.004,0.005,8.0,25.0
363,Lalande 42843,21,53,3,18,21h58m03.1164s,+03d46m36.1359s,3,4644,7.1,F8,0.31,0.025,10.0,28.0
364,Lalande 43492,22,12,12,24,22h16m54.0573s,+12d53m55.7345s,12,4797,6.9,G0,0.85,0.033,9.0,23.0
365,Piazzi 218,23,48,74,59,23h52m46.0838s,+75d32m22.8169s,74,1047,6.5,K0,0.33,0.092,5.0,15.0
