Number,Name,RA 1900 (Hour),RA 1900 (Min),Dec 1900 (Degrees),Dec 1900 (Min),RA 2000,Dec 2000,D Number 1,D Number 2,Mag.,Spectral type,Prop. Mot.,Rel. Parallax,Error,Error for one good plate,f_GCTP,GCTP,comp,RA1900,DE1900,Vmag,MK,name,pm,pmPA,pi,e_pi,q_pi,_RA.icrs,_DE.icrs
1,Sigma Andromedae,0,13,36,14,00h18m14.1243s,+36d47m19.9256s,35,44,4.5,A2,0.08,0.012,0.008,0.022,,51.00,,00 13 06.0,+36 13 51,4.52,A2   V,SIG And,0.074,240,0.0193,12.5,,00 18 19.7,+36 47 07
2,Delta Piscium,0,43,7,2,00h48m10.7732s,+07d34m45.0455s,6,107,4.5,K5,0.09,0.012,7.0,20.0,*,158.00,,00 43 29.5,+07 02 27,4.43,K4   IIIb,DEL Psc,0.095,119,0.0176,9.4,G,00 48 40.9,+07 35 06
3,Epsilon Piscium,0,58,7,21,01h03m12.059s,+07d53m14.9045s,7,153,4.5,G5,0.08,0.023,8.0,23.0,,209.00,,00 57 45.0,+07 21 06,4.28,K0   III,EPS Psc,0.085,289,0.0261,6.5,G,01 02 56.5,+07 53 24
4,Mu Cassiopeiae,1,2,54,26,01h08m00.2082s,+54d58m04.4907s,54,223,5.3,G5,3.75,0.143,9.0,23.0,*,219.00,A,01 01 36.7,+54 25 47,5.17,G5   Vb,MU Cas,3.770,115,0.1339,1.7,G,01 08 16.2,+54 55 11
5,Omicron  Piscium,1,40,8,39,01h45m16.4502s,+09d09m06.8914s,8,273,4.5,G5,0.09,0.012,6.0,18.0,,368.00,,01 40 06.6,+08 39 16,4.26,G8   III,OMI Psc,0.089,53,0.0216,7.7,G,01 45 23.6,+09 09 28
6,Beta Arietis,1,49,20,19,01h54m30.8763s,+20d48m30.9278s,20,306,2.7,A5,0.15,0.072,8.0,19.0,,394.00,,01 49 06.8,+20 19 09,2.64,A5   V,BET Ari,0.144,138,0.0671,7.8,F,01 54 38.4,+20 48 28
7,39 Arietis,2,42,28,50,02h47m56.3088s,+29d15m07.2932s,28,462,4.6,K,0.18,0.022,6.0,16.0,,567.00,,02 41 57.0,+28 49 55,4.51,K1.5 III,39 Ari,0.207,130,0.0204,1.9,G,02 47 54.5,+29 14 49
8,37 Tauri,3,59,21,49,04h04m54.2667s,+22d05m27.4542s,21,585,4.5,K,0.11,-0.022,9.0,24.0,*,897.00,A,03 58 46.8,+21 48 31,4.36,K0+  III-*,37 Tau,0.107,122,0.0125,5.7,F,04 04 41.7,+22 04 54
,,,,,,,,,,,,,,,,*,897.00,B,03 58 45.3,+21 46 16,10.40,G,,0.020,172,,,,04 04 39.4,+22 02 43
9,50 Persei,4,2,37,47,04h08m38.7245s,+38d03m01.6966s,37,882,5.6,F,0.26,0.043,8.0,22.0,,911.00,,04 01 56.5,+37 46 41,5.51,F7   V,50 Per,0.261,140,0.0478,12.5,,04 08 36.6,+38 02 23
10,Mu Geminorum,6,17,22,34,06h23m02.6466s,+22d31m05.0737s,22,1304,3.2,Ma,0.13,0.03,8.0,20.0,,1475.00,,06 16 54.5,+22 33 54,2.88,M3   IIIab,* mu. Gem,0.125,153,0.0186,5.3,G,06 22 57.5,+22 30 49
11,Epsilon Geminorum,6,38,25,14,06h44m09.2199s,+25d08m02.6116s,25,1406,3.2,G5,0.02,0.008,8.0,24.0,*,1567.00,A,06 37 46.7,+25 13 48,2.98,G8   Ib,EPS Gem,0.015,195,0.0100,9.6,G,06 43 55.9,+25 07 51
,,,,,,,,,,,,,,,,*,1567.00,B,06 37 48.0,+25 14 00,9.22,K0   III-*,,,,,,,06 43 57.2,+25 08 04
12,Alcor,13,21,55,31,13h24m59.1237s,+54d59m45.4245s,55,1603,4,A5,0.13,0.035,5.0,13.0,,3066.00,,13 21 13.2,+55 30 31,4.01,A5   V,80 UMa,0.115,99,0.0409,7.3,G,13 25 13.5,+54 59 16
13,Gamma Serpentis,15,52,15,59,15h56m35.036s,+15d41m34.8003s,16,2849,3.9,F8,1.34,0.053,9.0,22.0,*,3604.00,,15 51 49.9,+15 59 16,3.85,F6   V,GAM Ser,1.322,167,0.0868,4.7,G,15 56 27.1,+15 39 41
14,Sigma Coronae (prec),16,11,34,7,16h14m46.9382s,+33d51m56.9018s,34,2750,6.7,,,0.03,9.0,22.0,*,3689.00,A,16 10 55.9,+34 06 41,5.64,G0   VCaI*,SIG CrB,0.287,254,0.0473,3.3,G,16 14 40.7,+33 51 29
,,,,,,,,,,,,,,,,*,3689.00,B,16 10 54.0,+34 07 00,6.59,G1   V,SIG CrB,0.290,252,,,,16 14 38.8,+33 51 47
,,,,,,,,,,,,,,,,*,3689.00,C,16 10 54.0,+34 07 00,12.31,M3.5,G 180-042,0.340,258,,,,16 14 38.4,+33 51 49
15,Sigma  Coronae (fol),,,,,0,0,,,5.8,,,0.052,10.0,21.0,0,0.00,0,0,0,0.00,0,0,0.000,0,0.0000,0.0,0,0,0
,Mean,,,,,0,0,,,,F5,0.3,0.042,7.0,,0,0.00,0,0,0,0.00,0,0,0.000,0,0.0000,0.0,0,0,0
16,Gamma Herculis,16,18,19,23,16h22m25.0346s,+19d08m54.4955s,19,3086,3.8,Fo,,0.012,8.0,21.0,,3718.00,,16 17 30.4,+19 23 16,3.75,A9   III,GAM Her,0.062,311,0.0199,12.5,,16 21 55.2,+19 09 11
17,Lambda Ophiuchi,16,26,2,12,16h31m02.8895s,+01d59m00.9849s,2,3118,3.9,A,0.1,-0.01,8.0,18.0,,3755.00,M,16 25 52.1,+02 12 10,3.82,"A1+A4V,V",LAM Oph,0.090,206,0.0217,1.9,F,16 30 54.8,+01 59 02
18,29 Herculis,16,28,11,42,16h32m42.0406s,+11d29m15.7273s,11,3008,4.9,K5,0.2,-0.017,5.0,10.0,,3761.00,,16 27 55.4,+11 42 09,4.84,K7   III,29 Her,0.198,247,0.0097,2.1,P,16 32 36.3,+11 29 16
19,19 Draconis,16,55,65,17,16h55m29.5536s,+65d07m41.1173s,65,1157,4.8,F5,0.25,0.082,8.0,18.0,,3860.00,,16 55 28.6,+65 17 14,4.89,F6   V,19 Dra,0.229,77,0.0541,5.1,P,16 56 01.6,+65 08 05
20,Lalande 31132,17,0,47,12,17h02m48.1038s,+47d03m33.0325s,47,2419,6.5,,0.83,0.061,11.0,28.0,,3877.00,,16 59 47.0,+47 11 57,6.77,G8   V,CI 18-2277,0.874,8,0.0623,6.0,G,17 02 36.3,+47 04 55
21,Pi Herculis,17,12,36,55,17h15m29.2237s,+36d48m18.169s,36,2844,3.4,K2,0.03,0.012,8.0,21.0,,3921.00,,17 11 33.7,+36 55 18,3.16,K3   IIab,PI Her,0.030,274,0.0231,9.6,G,17 15 02.8,+36 48 33
22,Lalande 31546,17,16,1,32,17h21m03.9831s,+01d25m59.2997s,1,3421,6.9,,0.3,0.039,9.0,22.0,,3943.00,,17 16 04.1,+01 32 08,6.95,F9   V,,0.311,329,0.0268,3.9,G,17 21 07.0,+01 26 34
23,72 Herculis,17,17,32,36,17h20m43.4543s,+32d30m02.1285s,32,2696,5.4,G,1.06,1.06,9.0,21.0,*,3946.00,,17 16 54.9,+32 35 46,5.39,G0   V,72 Her,1.050,173,0.0737,5.6,G,17 20 39.5,+32 28 03
24,Fedorenko 2895,17,25,67,23,17h24m51.0036s,+67d17m54.4075s,67,1014,6.3,K,0.53,0.084,9.0,26.0,,3972.00,,17 25 18.3,+67 23 26,6.43,K0   V,Lal 32047,0.534,272,0.0760,5.8,G,17 25 00.0,+67 18 24
25,Omega Draconis,17,38,68,48,17h37m24.9421s,+68d44m45.3313s,68,949,4.9,F5,0.33,0.04,8.0,25.0,*,4036.00,,17 37 32.0,+68 48 15,4.80,F5   V,OME Dra,0.323,1,0.0425,6.8,F,17 36 57.0,+68 45 29
26,Beta Ophiuchi,17,39,4,37,17h43m56.6833s,+04d34m18.1426s,4,3489,2.9,K,0.16,0.018,9.0,24.0,,4042.00,,17 38 31.8,+04 36 32,2.77,K2   III,BET Oph,0.165,346,0.0390,2.0,G,17 43 28.3,+04 34 02
27,Xi Draconis,17,52,56,53,17h53m42.6797s,+56d51m57.5409s,56,2033,3.9,K,0.12,0.021,8.0,24.0,,4093.00,,17 51 47.9,+56 53 17,3.75,K2-  III,XI Dra,0.118,49,0.0298,2.1,G,17 53 31.7,+56 52 21
28,Theta Herculis,17,53,37,16,17h56m25.7541s,+37d15m13.796s,37,2982,4,K,0.01,-0.005,3.0,9.0,,4096.00,,17 52 49.3,+37 15 49,3.86,K1   IIaC*,THE Her,0.005,2,-0.0006,5.6,G,17 56 15.1,+37 15 02
29,99 Herculis,18,3,30,33,18h06m48.5093s,+30d33m42.9147s,30,3128,5.2,F8,0.11,0.025,6.0,14.0,,4153.00,,18 03 13.6,+30 32 50,5.04,F7   V,99 Her,0.116,312,0.0585,3.1,P,18 07 01.5,+30 33 43
30,109 Herculis,18,19,21,43,18h23m14.3172s,+21d46m04.485s,21,3411,3.9,K,0.31,0.006,6.0,16.0,*,4231.00,,18 19 26.1,+21 43 27,3.84,K2.5 IIIab,109 Her,0.311,142,0.0248,2.0,G,18 23 41.9,+21 46 11
31,B.D. +6  3855,18,32,6,36,18h36m52.0012s,+06d41m00.0678s,6,3855,5.4,F,0.15,0.019,8.0,20.0,*,4284.00,,18 31 47.1,+06 35 34,5.45,F3   V,,0.143,190,0.0304,9.3,G,18 36 39.0,+06 40 18
32,Zeta Aquilae,19,1,13,43,19h05m35.8237s,+13d52m06.662s,13,3899,3,A,0.1,0.036,8.0,22.0,,4436.00,,19 00 48.7,+13 42 52,2.99,A0   Vn,ZET Aql,0.095,185,0.0392,9.6,G,19 05 24.5,+13 51 48
33,B.D. +16  3752,19,3,16,42,19h07m28.7159s,+16d51m22.9743s,16,3752,6,F,0.34,0.058,6.0,17.0,0,0.00,0,0,0,0.00,0,0,0.000,0,0.0000,0.0,0,0,0
34,Delta Aquilae,19,20,2,55,19h25m00.8s,+03d06m46.1932s,2,3879,3.4,F,0.26,0.062,7.0,18.0,*,4542.00,A,19 20 27.3,+02 54 55,3.36,F3   IV,DEL Aql,0.268,72,0.0725,5.1,F,19 25 29.9,+03 06 53
35,Zeta Cygni,21,9,29,49,21h13m15.4943s,+30d13m44.6079s,29,4348,3.4,K,0.06,0.014,8.0,21.0,*,5103.00,,21 08 40.7,+29 48 59,3.20,G8+  III-*,ZET Cyg,0.052,181,0.0244,8.9,G,21 12 56.2,+30 13 36
36,Iota Pegasi,21,17,19,23,21h21m36.6955s,+19d48m31.7071s,19,4691,4.2,K,0.12,0.02,9.0,25.0,*,5345.00,,22 02 21.2,+24 51 23,3.76,F5   V,IOT Peg,0.300,85,0.0880,5.1,F,22 07 00.6,+25 20 41
37,71 Cygni,21,26,46,6,21h29m41.1568s,+46d32m18.8103s,45,3558,5.3,K,0.12,0.04,8.0,23.0,,5183.00,,21 25 45.4,+46 05 58,5.24,K0-  III,71 Cyg,0.116,22,0.0240,4.9,G,21 29 26.9,+46 32 26
,,,,,,,,,,,,,,,,,5187.00,,21 26 06.0,+46 07 00,9.50,G5,,0.014,135,-0.0030,17.3,,21 29 47.3,+46 33 18
38,Epsilon Pegasi,21,39,9,25,21h43m54.4777s,+09d52m29.3336s,9,4891,2.5,K,0.03,-0.022,9.0,29.0,,5242.00,,21 39 16.4,+09 24 59,2.39,K2   Ib,EPS Peg,0.030,82,0.0046,8.6,G,21 44 11.1,+09 52 30
39,Xi Cephei (prec),22,1,64,8,22h03m50.6334s,+64d37m06.5473s,63,1802,6.5,,0.23,0.024,9.0,25.0,*,5333.00,A,22 00 53.6,+64 08 25,4.29,A3m,XI Cep,0.226,67,0.0306,6.4,G,22 03 47.4,+64 37 40
,,,,,,,,,,,,,,,,*,5333.00,B,22 00 52.5,+64 08 27,6.44,F3   III/*,,0.204,64,,,,22 03 45.9,+64 37 42
40,Xi Cephei (fol),22,1,64,8,22h03m50.6334s,+64d37m06.5473s,63,1802,4.4,A8,0.23,0.045,12.0,31.0,*,5333.00,A,22 00 53.6,+64 08 25,4.29,A3m,XI Cep,0.226,67,0.0306,6.4,G,22 03 47.4,+64 37 40
,,,,,,,,,,,,,,,,*,5333.00,B,22 00 52.5,+64 08 27,6.44,F3   III/*,,0.204,64,,,,22 03 45.9,+64 37 42
,Mean,,,,,0,0,,,,,,0.032,7.0,,0,0.00,0,0,0,0.00,0,0,0.000,0,0.0000,0.0,0,0,0
41,Pi Pegasi,22,6,32,41,22h10m26.8285s,+33d10m30.8712s,32,4652,4.4,F5,0.03,0,7.0,24.0,,5364.00,,22 05 32.6,+32 41 14,4.29,F5   III,PI2 Peg,0.023,223,0.0043,11.0,G,22 09 59.2,+33 10 41
42,Zeta Cephei,22,7,57,42,22h10m27.7952s,+58d11m32.9588s,57,2475,3.6,K,0.03,0.023,9.0,27.0,,5372.00,,22 07 22.9,+57 42 29,3.35,K1.5 Ib,ZET Cep,0.016,56,0.0147,9.0,G,22 10 51.2,+58 12 04
43,Iota Lacertae,22,12,37,15,22h16m21.7061s,+37d44m54.6876s,37,4526,4.2,K,0.02,0,10.0,20.0,,5393.00,,22 11 36.5,+37 15 01,4.13,K3-  II-I*,1 Lac,0.017,34,0.0008,8.9,G,22 15 58.2,+37 44 55
44,3 Lacertae,22,20,51,44,22h23m56.469s,+52d14m24.0006s,51,3358,4.6,K,0.19,0.012,8.0,23.0,,5418.00,,22 19 37.5,+51 43 40,4.43,G8.5 IIIb*,BET Lac,0.183,185,0.0196,9.6,G,22 23 33.6,+52 13 44
45,35 Pegasi,22,23,4,12,22h28m03.2155s,+04d42m36.6767s,3,4710,4.9,K,0.33,0.028,7.0,19.0,*,5428.00,,22 22 47.7,+04 11 39,4.79,K0   III,35 Peg,0.313,166,0.0229,7.5,G,22 27 51.5,+04 41 44
46,7 Lacertae,22,27,49,46,22h31m05.7785s,+50d16m48.8033s,49,3875,3.9,A,0.14,0.039,9.0,26.0,,5449.00,,22 27 10.1,+49 46 05,3.77,A1   V,ALP Lac,0.137,81,0.0352,10.2,G,22 31 17.4,+50 16 56
47,Eta Pegasi,22,38,29,42,22h42m41.1476s,+30d13m24.7223s,29,4741,3.1,G,0.04,-0.002,13.0,37.0,*,5503.00,A,22 38 18.7,+29 41 53,2.94,G8   II,ETA Peg,0.025,146,0.0176,4.1,G,22 43 00.1,+30 13 16
,,,,,,,,,,,,,,,,*,5503.00,B,22 38 18.0,+29 42 00,10.00,F0   V,,,,,,,22 42 59.3,+30 13 25
48,2 Andromedae,22,58,42,13,23h02m35.8639s,+42d45m16.958s,41,4665,5.1,A2,0.06,0.05,8.0,20.0,*,5580.00,A,22 58 00.0,+42 13 11,5.10,A3   Vn,2 And,0.046,81,0.0192,10.1,G,23 02 36.3,+42 45 28
49,Kappa Piscium,23,22,0,42,23h27m07.0367s,+01d15m00.6621s,0,4998,4.9,A2,0.12,0.038,11.0,26.0,0,0.00,0,0,0,0.00,0,0,0.000,0,0.0000,0.0,0,0,0
50,Omega Piscium,23,54,6,19,23h59m07.1552s,+06d52m24.3541s,6,5227,4,F5,0.19,-0.002,9.0,17.0,,5795.00,,23 54 10.4,+06 18 34,4.01,F4   IV,OME Psc,0.187,126,0.0170,8.2,G,23 59 18.6,+06 51 47
51,Lambda Aurigae,5,12,40,1,05h18m57.6904s,+40d07m26.9336s,39,1248,4.8,G0,0.84,0.062,0.007,0.019,,1199.00,,05 12 06.2,+40 00 37,4.71,G1.5 IV-V*,LAM Aur,0.844,141,0.0736,5.7,G,05 19 08.4,+40 05 57
52,Omicron Aurigae,5,38,49,47,05h45m45.0647s,+49d49m38.3448s,49,1398,5.5,A0,0.009,0.012,7.0,20.0,,1312.00,,05 38 09.0,+49 46 57,5.47,A2   VpCr,OMI Aur,0.009,274,0.0168,11.1,,05 45 53.9,+49 49 34
53,4 Geminorum,6,4,23,1,06h10m04.1093s,+22d59m58.4613s,23,1232,6.7,B9,0.014,0,7.0,20.0,,1420.00,A,06 04 25.8,+23 00 57,6.82,B9:  V,4 Gem,0.006,13,0.0029,11.1,,06 10 29.9,+22 59 52
54,Omicron Sigma 149,6,30,27,21,06h36m15.673s,+27d16m11.2023s,27,1164,6.9,G0,0.6,0.021,4.0,10.0,,1535.00,M,06 30 10.5,+27 21 42,6.89,G2   d,OSIG  149,0.106,176,0.0239,3.8,G,06 36 26.2,+27 16 41
,,,,,,,,,,,,,,,,,1535.00,A,06 30 10.5,+27 21 42,7.14,G2   d,OSIG  149,0.106,176,0.0239,3.8,G,06 36 26.2,+27 16 41
,,,,,,,,,,,,,,,,,1535.00,B,06 30 12.0,+27 22 00,8.71,,,,,,,,06 36 27.7,+27 17 10
55,Xi Geminorum,6,40,13,0,06h45m37.5785s,+12d53m47.6789s,13,1396,3.4,F5,0.23,0.055,8.0,23.0,,1573.00,,06 39 40.5,+13 00 12,3.36,F5   III,XI Gem,0.225,211,0.0534,9.6,G,06 45 17.3,+12 53 43
56,18 Monocerotis,6,43,2,31,06h48m13.0188s,+02d24m23.6829s,2,1397,4.7,K0,0.03,0.019,10.0,25.0,,1589.00,,06 42 38.7,+02 31 18,4.47,K0+  IIIa*,18 Mon,0.025,238,0.0154,9.3,G,06 47 51.6,+02 24 44
57,Tau Geminorum,7,5,30,25,07h11m22.1538s,+30d15m12.3463s,30,1439,4.5,K0,0.05,0.005,10.0,25.0,,1676.00,,07 04 46.4,+30 24 32,4.41,K2-  III,TAU Gem,0.052,213,0.0078,6.0,G,07 11 08.3,+30 14 42
58,Delta Geminorum,7,14,22,10,07h19m58.5548s,+21d58m59.1819s,22,1645,3.5,F0,0.02,0.055,7.0,19.0,,1718.00,A,07 14 09.0,+22 09 59,3.53,F2   IV,DEL Gem,0.029,239,0.0579,5.9,G,07 20 07.4,+21 58 56
,,,,,,,,,,,,,,,,,1718.00,B,07 14 12.0,+22 10 00,8.20,K3   V,,,,,,,07 20 10.5,+21 58 58
59,6 Canis Minoris,7,24,12,13,07h29m34.0383s,+12d00m38.9203s,12,1567,4.8,K0,0.02,0.019,8.0,19.0,,1770.00,,07 24 13.7,+12 12 48,4.54,K1+  IIIB*,6 CM1,0.021,181,0.0266,9.6,G,07 29 47.7,+12 00 23
60,Nu Geminorum,7,30,27,7,07h36m09.9581s,+26d53m48.0103s,27,1424,4.2,K5,0.12,0.01,10.0,25.0,*,1788.00,,07 29 45.6,+27 07 05,4.06,M0   III-*,UPS Gem,0.113,197,0.0134,10.7,G,07 35 55.3,+26 53 44
61,Sigma Geminorum,7,37,29,8,07h43m14.5503s,+28d53m51.8392s,29,1590,4.3,K0,0.24,0.015,6.0,13.0,0,0.00,0,0,0,0.00,0,0,0.000,0,0.0000,0.0,0,0,0
62,Kappa Geminorum,7,30,24,38,07h36m03.4016s,+24d24m48.4497s,24,1759,3.7,G5,0.06,0.025,7.0,20.0,,1824.00,,07 38 24.6,+24 38 16,3.57,G8   IIIa,KAP Gem,0.063,210,0.0246,7.7,G,07 44 26.8,+24 23 52
63,13 Canis Minoris,7,57,2,37,08h02m12.4003s,+02d20m20.6915s,2,1854,4.5,K0,0.1,-0.017,7.0,20.0,*,1908.00,,07 57 03.7,+02 36 33,4.39,K2   III,,0.108,341,0.0218,7.6,G,08 02 15.9,+02 20 04
64,27 Lyncis,8,1,51,48,08h08m31.9127s,+51d30m41.7894s,51,1391,4.9,A2,0.05,0.025,11.0,32.0,,1920.00,,08 00 56.1,+51 47 42,4.84,A2   V,27 Lyn,0.059,263,-0.0116,16.8,,08 08 27.4,+51 30 24
65,31 Lyncis,8,16,43,30,08h22m50.876s,+43d10m54.3191s,43,1815,4.4,K0,0.11,0.025,7.0,22.0,,1984.00,,08 15 59.4,+43 30 32,4.25,K4.5 III-*,31 Lyn,0.101,192,0.0194,8.9,F,08 22 50.1,+43 11 17
66,Sigma Hydrae,8,34,3,42,08h39m13.7693s,+03d20m54.2801s,3,2026,4.5,K5,0.02,0.014,12.0,32.0,,2059.00,,08 33 31.8,+03 41 33,4.44,K1+  III,SIG Hya,0.029,225,0.0343,11.5,G,08 38 45.4,+03 20 29
67,Gamma Cancri,8,38,21,50,08h43m47.8959s,+21d28m25.4425s,21,1895,4.7,A0,0.11,0.006,6.0,15.0,*,2080.00,,08 37 29.9,+21 49 41,4.66,A1   IV,GAM Cnc,0.113,247,0.0126,9.8,,08 43 17.1,+21 28 06
68,Delta Cancri,8,39,18,31,08h44m41.0851s,+18d09m19.1548s,18,2027,4.2,K0,0.24,-0.012,12.0,32.0,*,2086.00,,08 39 00.1,+18 31 19,3.94,K0   III-*,DEL Cnc,0.233,184,0.0225,6.7,F,08 44 41.1,+18 09 15
69,Theta Hydrae,9,9,2,44,09h14m11.3408s,+02d19m12.6626s,2,2167,3.8,A0,0.34,0.012,7.0,20.0,*,2200.00,,09 09 09.6,+02 44 10,3.88,B9.5 V,THE Hya,0.338,158,0.0243,7.6,G,09 14 21.8,+02 18 51
70,Kappa Leonis,9,19,26,37,09h24m49.6063s,+26d11m13.6784s,26,1939,4.6,K0,0.06,-0.009,5.0,15.0,,2235.00,,09 18 49.8,+26 36 46,4.46,K2   III,KAP Leo,0.061,212,-0.0043,7.5,G,09 24 39.2,+26 10 56
71,Sigma 2725 (brighter),20,42,15,32,20h46m39.0412s,+15d53m57.2919s,15,4251,7.3,,0.12,0.025,9.0,22.0,0,0.00,0,0,0,0.00,0,0,0.000,0,0.0000,0.0,0,0,0
72,Sigma 2725 (fainter),20,42,15,32,20h46m39.0412s,+15d53m57.2919s,15,4251,8,,0.1,-0.002,11.0,28.0,0,0.00,0,0,0,0.00,0,0,0.000,0,0.0000,0.0,0,0,0
,Mean,,,,,0,0,,,,,,0.014,7.0,,0,0.00,0,0,0,0.00,0,0,0.000,0,0.0000,0.0,0,0,0
73,Xi Cygni,21,1,43,32,21h04m38.0993s,+43d55m54.7982s,43,3800,3.9,K5,0.11,-0.008,6.0,16.0,,5074.00,,21 01 17.5,+43 31 43,3.72,K4.5 Ib-II,XI Cyg,0.007,52,0.0055,5.9,G,21 04 55.8,+43 55 40
74,Tau Cygni,21,11,37,37,21h14m58.296s,+38d01m55.4732s,37,4240,3.8,F0,0.45,0.058,10.0,29.0,*,5114.00,A,21 10 47.8,+37 37 06,3.72,F2   IV,TAU Cyg,0.465,20,0.0552,5.0,G,21 14 47.4,+38 02 44
75,Iota Pegasi,22,2,24,51,22h06m37.1204s,+25d20m14.5698s,24,4533,4,F5,0.3,0.067,8.0,26.0,*,5345.00,,22 02 21.2,+24 51 23,3.76,F5   V,IOT Peg,0.300,85,0.0880,5.1,F,22 07 00.6,+25 20 41
76,Epsilon Cephei,22,11,56,33,22h14m35.31s,+57d02m49.2594s,56,2741,4.2,A5,0.45,0.027,11.0,27.0,*,5392.00,,22 11 21.0,+56 32 40,4.19,F0   IV,EPS Cep,0.447,82,0.0402,5.8,G,22 15 02.1,+57 02 37
77,5 Lacertae,22,25,47,12,22h29m09.9556s,+47d42m42.0913s,46,3719,4.6,K0,0.02,0,8.0,25.0,*,5441.00,,22 25 21.6,+47 11 41,4.36,"M0+B8II,V",5 Lac,0.004,348,0.0042,10.7,G,22 29 31.8,+47 42 24
78,Mu Pegasi,22,45,24,4,22h49m48.565s,+24d35m44.8618s,23,4615,3.7,K0,0.16,0.043,6.0,18.0,,5528.00,,22 45 10.4,+24 04 24,3.48,G8+  III,MU Peg,0.151,104,0.0376,8.6,P,22 50 00.1,+24 36 05
79,Beta 382,22,49,44,13,22h53m28.5983s,+44d44m55.0403s,43,4331,5.6,A0,0.013,0.013,12.0,31.0,,5551.00,,22 49 11.4,+44 13 02,5.81,"A3+F6Vm,V",,0.013,247,0.0161,18.2,,22 53 40.0,+44 44 57
80,Phi Pegasi,23,47,18,34,23h52m05.3074s,+19d07m22.4949s,18,5231,5.2,Ma,0.05,0.009,8.0,19.0,,5771.00,,23 47 23.9,+18 33 53,5.08,M2.5 IIIb,PHI Peg,0.032,189,0.0123,12.5,,23 52 29.3,+19 07 12
81,Rho Cassiopeiae,23,49,56,57,23h53m59.6894s,+57d30m23.2011s,56,3111,4.8,F8p,0.004,0.013,11.0,26.0,,5775.00,,23 49 23.0,+56 56 34,4.54,G2v  O,RHO Cas,0.005,310,0.0217,7.6,G,23 54 23.0,+57 29 57
82,Alpha Arietis,2,2,22,59,02h07m37.0918s,+23d27m34.5978s,22,306,2.2,K2,0.24,0.029,0.006,0.017,,436.00,,02 01 32.0,+22 59 22,2.00,K2-  IIIC*,ALP Ari,0.239,127,0.0508,2.2,G,02 07 10.4,+23 27 44
83,6 Persei,2,7,50,36,02h13m35.7181s,+51d04m09.2458s,50,481,5.4,G5,0.39,7,7.0,22.0,*,449.00,,02 06 56.9,+50 36 04,5.31,G8   III:,,0.384,115,0.0105,4.2,G,02 13 36.3,+51 03 56
84,73 Ceti,2,23,8,1,02h28m18.8765s,+08d27m53.1678s,7,388,4.3,A0,0.04,17,9.0,26.0,,501.00,,02 22 50.4,+08 00 42,4.28,B9   III,XI2 Cet,0.038,96,0.0276,10.9,G,02 28 09.5,+08 27 35
85,86 Gamma Ceti,2,38,2,49,02h43m11.9475s,+03d14m32.2119s,2,422,3.6,A0,0.21,14,8.0,20.0,,554.00,A,02 38 07.0,+02 48 52,3.47,A3   V,GAM Cet,0.207,224,0.0474,4.9,G,02 43 18.0,+03 14 09
,,,,,,,,,,,,,,,,,554.00,B,02 38 06.0,+02 49 00,6.30,F3   d,,,,,,,02 43 18.0,+03 14 31
86,87 Mu Ceti,2,40,9,42,02h45m22.6055s,+10d07m20.3681s,9,359,4.4,A5,0.29,28,7.0,20.0,0,0.00,0,0,0,0.00,0,0,0.000,0,0.0000,0.0,0,0,0
87,17 Persei,2,45,34,39,02h51m09.694s,+35d03m49.2145s,34,527,4,K5,0.08,5,10.0,28.0,,581.00,,02 45 20.9,+34 38 54,4.53,K5+  III,17 Per,0.059,171,0.0021,10.7,G,02 51 30.8,+35 03 35
88,27 Kappa Persei,3,3,44,29,03h09m43.3757s,+44d51m57.5647s,44,631,4.7,K0,0.24,32,7.0,19.0,*,650.00,,03 02 44.8,+44 28 42,3.80,K0   III,KAP Per,0.218,129,0.0308,9.4,G,03 09 29.6,+44 51 27
89,B. D. + 33  619,3,12,33,51,03h18m15.2778s,+34d13m00.8672s,33,619,4.9,K0,0.015,7,6.0,17.0,0,0.00,0,0,0,0.00,0,0,0.000,0,0.0000,0.0,0,0,0
90,35 Sigma Persei,3,24,47,39,03h31m03.4306s,+47d59m37.3888s,47,843,4.6,K0,0.021,8,8.0,22.0,,726.00,,03 23 31.2,+47 39 00,4.36,K3   III,SIG Per,0.023,11,0.0009,9.9,F,03 30 34.5,+47 59 43
91,74 Epsilon Tauri,4,23,18,58,04h28m49.7658s,+19d11m19.9945s,18,640,3.6,K0,0.12,23,10.0,30.0,*,987.00,,04 22 46.5,+18 57 31,3.53,G9.5 IIIC*,EPS Tau,0.114,108,0.0175,12.4,G,04 28 37.0,+19 10 49
92,32 Nu Aurigae,5,45,39,7,05h51m55.9746s,+39d08m40.8168s,39,1429,4.2,K0,0.007,17,7.0,21.0,0,0.00,0,0,0,0.00,0,0,0.000,0,0.0000,0.0,0,0,0
93,Iota Geminorum,5,58,23,16,06h04m04.8452s,+23d15m50.8783s,23,1170,4.3,G5,0.11,20,9.0,27.0,*,1398.00,,05 58 02.4,+23 16 07,4.16,G7   III,1 Gem,0.101,183,0.0126,4.8,F,06 04 07.2,+23 15 47
94,8 Monocerotis,6,18,4,39,06h23m18.1541s,+04d35m59.592s,4,1236,4.5,A5,0.009,16,6.0,19.0,,1482.00,A,06 18 28.0,+04 38 37,4.44,A5   IV,EPS Mon,0.024,296,0.0264,6.5,G,06 23 46.0,+04 35 34
,,,,,,,,,,,,,,,,,1482.00,B,06 18 28.4,+04 38 49,6.72,F5   V,EPS Mon,0.026,245,,,,06 23 46.4,+04 35 43
95,43 Zeta Geminorum,7,58,20,43,08h03m50.7333s,+20d26m10.7024s,20,1687,var.,G0,0.007,-5,10.0,25.0,0,0.00,0,0,0,0.00,0,0,0.000,0,0.0000,0.0,0,0,0
96,54 Lambda Geminorum,7,12,16,43,07h17m45.1849s,+16d32m16.6458s,16,1443,3.6,A2,0.07,33,9.0,24.0,,1708.00,M,07 12 20.7,+16 43 15,3.58,A3   V,LAM Gem,0.062,229,0.0455,6.6,G,07 18 05.5,+16 32 25
97,6o Iota Geminorum,7,20,28,0,07h26m13.5467s,+27d48m08.8448s,28,1385,3.9,K0,0.14,35,8.0,25.0,0,0.00,0,0,0,0.00,0,0,0.000,0,0.0000,0.0,0,0,0
98,17 Beta Cancri,8,11,9,30,08h16m25.7441s,+09d11m35.6568s,9,1917,3.8,K2,0.07,-3,9.0,26.0,,1967.00,,08 11 05.5,+09 29 37,3.52,K4   IIIB*,BET Cnc,0.069,221,0.0127,4.5,F,08 16 30.9,+09 11 07
99,5 Beta Virginis,11,45,2,20,11h50m07.6471s,+01d46m38.3697s,2,2489,3.8,F8,0.79,96,6.0,15.0,0,0.00,0,0,0,0.00,0,0,0.000,0,0.0000,0.0,0,0,0
100,67 Ursae Majoris,11,57,43,36,12h02m07.6256s,+43d02m35.424s,43,2179,5.1,A3,0.32,8,7.0,20.0,*,2774.00,,11 57 02.1,+43 36 01,5.21,F0   Vam,67 UMa,0.335,281,0.0182,8.9,G,12 02 06.7,+43 02 43
101,42 Comae,13,5,18,3,13h09m54.9511s,+17d31m01.635s,18,2697,4.5,F5,0.45,64,14.0,31.0,*,3006.00,M,13 05 07.3,+18 03 29,4.98,F5   V,ALP Com,0.450,289,0.0546,5.0,G,13 09 59.3,+17 31 46
,,,,,,,,,,,,,,,,*,3006.00,A,13 05 07.3,+18 03 29,5.05,F5   V,ALP Com,0.450,289,0.0546,5.0,G,13 09 59.3,+17 31 46
,,,,,,,,,,,,,,,,*,3006.00,B,13 05 06.0,+18 03 00,5.17,F5   V,,,,,,,13 10 01.0,+17 31 02
102,8 Gamma Coronae,15,39,26,37,15h43m12.7227s,+26d17m58.1678s,26,2722,3.9,A0,0.1,24,10.0,25.0,,3555.00,,15 38 48.8,+26 36 04,10.70,K7   d,,0.038,162,0.0561,22.2,,15 43 01.7,+26 16 58
103,16 Tau Coronae,16,5,36,45,16h08m39.9351s,+36d29m09.9137s,36,2699,4.9,G2,0.32,21,10.0,21.0,,3664.00,,16 05 18.8,+36 44 41,4.76,K1-  III-*,TAU CrB,0.335,351,0.0287,11.6,G,16 08 58.3,+36 29 27
104,19 Xi Coronae,16,18,31,7,16h21m54.6207s,+30d52m52.4841s,31,2845,4.7,G5,0.13,9,8.0,19.0,*,3723.00,,16 18 11.9,+31 07 26,4.85,K0   III,XI CrB,0.146,318,0.0134,12.5,,16 22 05.8,+30 53 31
105,B. D. + 31  2873,16,33,31,9,16h36m52.4104s,+30d56m52.9613s,31,2873,7.3,F8,0.48,7,9.0,22.0,0,0.00,0,0,0,0.00,0,0,0.000,0,0.0000,0.0,0,0,0
106,40 Zeta Herculis,16,38,31,47,16h41m49.8733s,+31d35m33.7129s,31,2884,3,G0,0.7,114,12.0,32.0,0,0.00,0,0,0,0.00,0,0,0.000,0,0.0000,0.0,0,0,0
107,B. D. + 0  3593,16,48,0,11,16h53m07.1638s,+00d01m01.8986s,0,3593,6.8,G5,1.66,79,11.0,27.0,,3837.00,,16 47 56.3,+00 10 52,6.64,G7   V,G 019-004,1.658,206,0.0610,5.1,G,16 52 58.8,-00 01 36
108,65 Delta Herculis,17,11,24,57,17h15m06.6686s,+24d50m12.2771s,25,3221,3.2,A0,0.16,29,7.0,19.0,*,3916.00,,17 10 55.3,+24 57 25,3.14,A3   IV,DEL Her,0.159,189,0.0392,6.1,G,17 15 01.8,+24 50 21
109,68 u Herculis,17,14,33,12,17h17m41.7273s,+33d05m36.2176s,33,2864,var.,B3,0.021,-23,10.0,28.0,,3927.00,,17 13 37.8,+33 12 27,4.82,"B1.5+Vp,I*",68 Her,0.013,225,0.0094,8.9,F,17 17 19.5,+33 05 59
110,26 Draconis,17,34,61,57,17h34m58.4482s,+61d53m17.3194s,61,1678,5.3,F0,0.57,46,9.0,27.0,*,4013.00,M,17 33 57.3,+61 57 03,5.23,"G0+K3V,V",26 Dra,0.568,155,0.0633,6.6,G,17 34 59.4,+61 52 29
,,,,,,,,,,,,,,,,*,4013.00,A,17 33 57.3,+61 57 03,5.34,F9   V,26 Dra,0.568,155,0.0633,6.6,G,17 34 59.4,+61 52 29
,,,,,,,,,,,,,,,,*,4013.00,B,17 34 00.0,+61 57 00,7.95,K3   V,,,,,,,17 34 58.6,+61 53 17
,,,,,,,,,,,,,,,,*,4013.00,C,17 34 00.0,+61 57 00,10.00,M1   d,,0.573,153,,,,17 35 02.4,+61 52 27
111,84 Herculis,17,39,24,22,17h43m07.1299s,+24d19m14.5424s,24,3237,5.7,F0,0.13,1,9.0,24.0,,4046.00,,17 39 15.2,+24 22 16,5.71,G2   IIIb,84 Her,0.129,300,0.0050,13.9,,17 43 21.5,+24 19 39
112,86 µ Herculis,17,43,27,47,17h46m57.1818s,+27d44m48.7096s,27,2888,3.5,G5,0.82,104,8.0,24.0,0,0.00,0,0,0,0.00,0,0,0.000,0,0.0000,0.0,0,0,0
113,30 Draconis,17,47,50,48,17h49m23.8282s,+50d46m16.8421s,50,2468,5.2,A0,0.21,-12,7.0,19.0,,4076.00,,17 46 40.9,+50 48 16,5.02,A2   V,30 Dra,0.217,346,-0.0038,9.5,G,17 49 04.2,+50 46 51
114,33 Gamma Draconis,17,54,51,30,17h56m19.4506s,+51d29m17.7085s,51,2282,2.4,K5,0.026,11,8.0,22.0,,4107.00,,17 54 16.9,+51 30 01,2.23,K5   III,GAM Dra,0.024,214,0.0233,2.1,G,17 56 36.3,+51 29 19
115,B. D. + 4  3589,18,1,4,39,18h05m56.5086s,+04d39m30.3797s,4,3589,6.8,G0,0.3,48,9.0,28.0,*,4138.00,,18 00 41.0,+04 39 29,6.79,G0/2 V,,0.314,183,0.0490,3.3,G,18 05 37.5,+04 39 25
116,72 Ophiuchi,18,3,9,33,18h07m44.894s,+09d33m47.0233s,9,3564,3.7,A2,0.1,32,8.0,22.0,*,4147.00,A,18 02 36.4,+09 32 58,3.73,A4   IV s,72 Oph,0.102,323,0.0451,7.8,G,18 07 20.9,+09 33 50
117,110 Herculis,18,41,20,27,18h45m18.2988s,+20d33m15.2375s,20,3926,4.3,F5,0.34,40,11.0,28.0,*,4328.00,,18 41 21.4,+20 27 01,4.19,F6   V,110 Her,0.335,182,0.0505,6.0,G,18 45 39.7,+20 32 46
118,13 Theta Cygni,19,34,49,59,19h36m41.2098s,+50d12m30.123s,49,3062,4.6,F5,0.25,57,8.0,19.0,*,4611.00,A,19 33 45.5,+49 59 21,4.48,F4   V,THE Cyg,0.260,356,0.0551,4.2,G,19 36 26.5,+50 13 15
119,Beta 658,19,40,26,54,19h44m05.8811s,+27d08m23.4081s,26,3654,6.5,K0,0.06,-15,9.0,26.0,,4638.00,M,19 39 50.0,+26 53 46,6.28,"B7+G1V,III",,0.007,169,-0.0111,13.9,,19 43 55.9,+27 08 07
,,,,,,,,,,,,,,,,,4638.00,A,19 39 50.0,+26 53 46,6.28,,,0.007,169,-0.0111,13.9,,19 43 55.9,+27 08 07
120,15 Cygni,19,41,37,7,19h44m35.8596s,+37d21m29.325s,37,3586,5,K0,0.08,15,9.0,24.0,,4641.00,,19 40 40.1,+37 06 45,4.89,G7+  III,15 Cyg,0.080,63,0.0181,13.9,,19 44 16.6,+37 21 15
121,37 Gamma Cygni,20,19,39,56,20h22m35.4489s,+40d15m15.502s,39,4159,2.3,F8p,0.006,-22,8.0,22.0,*,4857.00,,20 18 38.2,+39 56 11,2.20,F8   Ib,GAM Cyg,0.003,25,-0.0015,7.3,G,20 22 13.6,+40 15 24
122,58 Nu Cygni,20,53,40,47,20h56m43.4934s,+41d10m05.3515s,40,4364,4,A0,0.027,-5,8.0,22.0,0,0.00,0,0,0,0.00,0,0,0.000,0,0.0000,0.0,0,0,0
123,46 Xi Pegasi,22,42,11,40,22h46m58.2512s,+12d11m36.754s,11,4875,4.3,F5,0.55,44,9.0,24.0,,5516.00,A,22 41 41.7,+11 39 35,4.19,F6   III-*,XI Peg,0.538,155,0.0501,10.6,G,22 46 41.5,+12 10 22
124,47 Lambda Pegasi,22,42,23,2,22h46m48.7492s,+23d33m36.5302s,22,4709,4.1,K0,0.06,32,11.0,28.0,,5515.00,,22 41 42.7,+23 02 21,3.95,G8.5 IIIa*,LAM Peg,0.058,95,0.0406,11.2,G,22 46 31.8,+23 33 56
125,3 Andromedae,23,0,49,30,23h04m27.9915s,+50d02m21.2472s,49,4028,4.9,K0,0.23,-9,11.0,29.0,,5586.00,,22 59 41.4,+49 30 30,4.65,K0   IIIb*,3 And,0.244,42,-0.0002,13.1,G,23 04 10.9,+50 03 08
126,7 Andromedae,23,8,48,52,23h12m34.1386s,+49d24m37.607s,48,3964,4.6,F0,0.14,53,13.0,34.0,,5615.00,,23 07 57.9,+48 51 35,4.52,F0   V,7 And,0.130,37,0.0488,6.1,G,23 12 32.9,+49 24 22
127,6 Gamma Piscium,23,12,2,44,23h17m06.0043s,+03d16m45.2955s,2,4648,3.8,K0,0.76,18,10.0,26.0,,5632.00,,23 11 58.8,+02 44 09,3.69,K0-  III:*,GAM Psc,0.760,88,0.0246,2.5,G,23 17 09.9,+03 16 57
128,62 Tau Pegasi,23,16,23,12,23h20m56.9296s,+23d44m51.7693s,22,4810,4.6,A5,0.048,31,9.0,25.0,,5649.00,,23 15 41.1,+23 11 34,4.60,A5   Vp,TAU Peg,0.033,94,0.0343,8.7,G,23 20 38.2,+23 44 25
129,68 Nu Pegasi,23,20,22,51,23h24m58.0872s,+23d23m57.7865s,22,4833,4.6,G0,0.19,33,9.0,21.0,0,0.00,0,0,0,0.00,0,0,0.000,0,0.0000,0.0,0,0,0
130,85 Pegasi,23,57,26,33,00h02m07.2581s,+27d06m24.5759s,26,4734,5.8,G0,1.29,84,12.0,32.0,*,5807.00,,23 56 56.7,+26 33 10,5.75,G5   VbFe*,85 Peg,1.305,140,0.0789,3.9,F,00 02 10.3,+27 04 54
131,Anonymous,0,0,45,14,00h05m08.9166s,+45d47m24.4529s,,,,,0.86,0.099,0.01,0.023,,4.00,A,00 00 23.3,+45 15 33,9.01,K6   d,OSIG  547A,0.885,98,0.0886,2.3,G,00 05 40.9,+45 48 45
,,,,,,,,,,,,,,,,,4.00,B,00 00 23.8,+45 15 30,9.08,M0.5 V,OSIG  547B,0.835,102,,,,00 05 40.8,+45 48 36
,,,,,,,,,,,,,,,,,4.00,C,00 00 24.0,+45 16 00,13.30,,OSIG  547C,0.874,99,,,,00 05 41.4,+45 49 10
,,,,,,,,,,,,,,,,*,4.00,F,00 00 24.0,+45 16 00,9.93,M2   de,LHS 1014,0.894,101,,,,00 05 41.6,+45 49 07
132,Omicron Sigma 547 (prec.),0,0,45,16,00h05m08.9184s,+45d49m24.4529s,45,4408,8.9,K5,,0.092,7.0,16.0,,4.00,A,00 00 23.3,+45 15 33,9.01,K6   d,OSIG  547A,0.885,98,0.0886,2.3,G,00 05 40.9,+45 48 45
,,,,,,,,,,,,,,,,,4.00,B,00 00 23.8,+45 15 30,9.08,M0.5 V,OSIG  547B,0.835,102,,,,00 05 40.8,+45 48 36
,,,,,,,,,,,,,,,,,4.00,C,00 00 24.0,+45 16 00,13.30,,OSIG  547C,0.874,99,,,,00 05 41.4,+45 49 10
,,,,,,,,,,,,,,,,*,4.00,F,00 00 24.0,+45 16 00,9.93,M2   de,LHS 1014,0.894,101,,,,00 05 41.6,+45 49 07
133,Omicron Sigma 547 (fol.),0,0,45,15,00h05m08.9175s,+45d48m24.4529s,,,8.9,K5,,0.121,9.0,23.0,,4.00,A,00 00 23.3,+45 15 33,9.01,K6   d,OSIG  547A,0.885,98,0.0886,2.3,G,00 05 40.9,+45 48 45
,,,,,,,,,,,,,,,,,4.00,B,00 00 23.8,+45 15 30,9.08,M0.5 V,OSIG  547B,0.835,102,,,,00 05 40.8,+45 48 36
,,,,,,,,,,,,,,,,,4.00,C,00 00 24.0,+45 16 00,13.30,,OSIG  547C,0.874,99,,,,00 05 41.4,+45 49 10
,,,,,,,,,,,,,,,,*,4.00,F,00 00 24.0,+45 16 00,9.93,M2   de,LHS 1014,0.894,101,,,,00 05 41.6,+45 49 07
,Mean,,,,,0,0,,,,,0.86,0.103,5.0,,0,0.00,0,0,0,0.00,0,0,0.000,0,0.0000,0.0,0,0,0
134,Epsilon Andromedae,0,33,28,46,00h38m18.8864s,+29d19m00.3636s,28,103,4.5,G5,0.34,0.033,6.0,19.0,,106.00,,00 33 16.1,+28 46 07,4.37,G6   IIIF*,EPS And,0.337,222,0.0339,7.5,G,00 38 33.4,+29 18 42
135,Beta Trianguli,2,4,34,31,02h09m56.168s,+34d59m24.7406s,34,381,3.1,A5,0.16,0.006,6.0,18.0,,439.00,,02 03 35.3,+34 30 51,3.00,A5   III,BET Tri,0.154,103,0.0173,8.2,G,02 09 32.5,+34 59 14
136,54 Chi Orionis,5,48,20,15,05h53m56.6801s,+20d16m18.9201s,20,1162,4.6,F8,0.21,0.096,10.0,29.0,0,0.00,0,0,0,0.00,0,0,0.000,0,0.0000,0.0,0,0,0
137,B. D. + 13  1036,5,50,13,55,05h55m40.5061s,+13d56m02.6158s,13,1036,6.5,G5,0.48,0.083,8.0,20.0,*,1365.00,,05 50 20.4,+13 55 18,6.60,G5   IV,Lal 11196 b,0.608,143,0.0496,5.7,P,05 56 03.4,+13 55 29
,,,,,,,,,,,,,,,,,1366.00,,05 50 20.0,+13 55 27,8.50,G5,Lal 11196 f,0.063,273,0.0041,15.0,,05 56 00.1,+13 56 27
138,71 Orionis,6,9,19,11,06h14m53.7806s,+19d09m15.5183s,19,1270,5.2,F5,0.22,0.034,7.0,21.0,,1445.00,,06 08 54.0,+19 11 00,11.00,,ADS 4842D,0.212,207,0.0023,16.2,,06 14 47.1,+19 08 58
,,,,,,,,,,,,,,,,,1446.00,,06 08 54.0,+19 11 00,11.30,,ADS 4842C,0.212,207,0.0043,18.5,,06 14 47.1,+19 08 58
,,,,,,,,,,,,,,,,,1447.00,,06 08 54.0,+19 11 00,10.80,,ADS 4842B,0.212,207,-0.0007,14.1,,06 14 47.1,+19 08 58
,,,,,,,,,,,,,,,,*,1449.00,,06 08 57.8,+19 11 26,5.20,F6   V,71 Ori,0.217,208,0.0379,11.1,,06 14 50.9,+19 09 23
139,Kappa Aurigae,6,9,29,32,06h15m22.9468s,+29d30m13.3951s,29,1154,4.4,K0,0.27,0.01,8.0,23.0,,1448.00,,06 09 00.3,+29 32 05,4.35,G8.5 IIIb,KAP Aur,0.273,195,0.0250,8.8,G,06 15 22.7,+29 29 52
140,56 Aurigae,6,40,43,41,06h47m12.4882s,+43d34m40.8799s,43,1595,5.3,F5,0.16,0.072,7.0,20.0,,1571.00,,06 39 31.8,+43 40 37,5.25,G0   V,PSI5 Aur,0.164,359,0.0682,8.3,G,06 46 44.3,+43 34 38
141,B. D. + 21  1596,7,21,21,44,07h26m56.8709s,+21d32m01.8093s,21,1596,6.4,F5,0.31,0.035,7.0,22.0,,1749.00,,07 20 55.6,+21 44 08,6.54,F6   V,,0.315,265,0.0295,3.7,G,07 26 50.2,+21 32 08
142,10 Ursa Majoris,8,54,42,11,09h00m33.4427s,+41d47m39.4503s,42,1956,4.1,F5,0.5,0.067,6.0,18.0,*,2153.00,A,08 54 08.9,+42 10 43,3.97,F5   V,10 UMa,0.506,240,0.0661,6.5,G,09 00 38.3,+41 46 57
,,,,,,,,,,,,,,,,*,2153.00,B,08 54 12.0,+42 11 00,6.79,G5   V,10 UMa,0.507,240,,,,09 00 41.4,+41 47 14
143,Mu Leonis,9,47,26,29,09h52m42.829s,+26d00m50.0105s,26,2019,4.1,K0,0.23,0.02,9.0,23.0,,2338.00,,09 47 04.6,+26 28 40,3.88,K2   IIIC*,MU Leo,0.224,254,0.0227,10.2,G,09 52 45.8,+26 00 24
144,B. D. + 4  3195,16,26,4,26,16h30m58.0749s,+04d13m00.6615s,4,3195,7.3,F6,1.45,0.029,6.0,15.0,0,0.00,0,0,0,0.00,0,0,0.000,0,0.0000,0.0,0,0,0
145,41 Herculis,16,40,6,17,16h44m53.7126s,+06d05m54.5652s,6,3288,6.7,G5,0.35,0.028,8.0,20.0,*,3805.00,A,16 40 07.6,+06 16 47,6.58,K0   V,41 Her,0.341,219,0.0286,7.8,G,16 44 59.9,+06 05 16
,,,,,,,,,,,,,,,,*,3806.00,,16 40 06.0,+06 17 00,10.30,K5   d,R 643,0.340,219,0.0234,13.3,,16 44 58.3,+06 05 29
146,B. D. + 63  1439,18,34,63,37,18h34m40.5032s,+63d41m59.2532s,63,1439,8.1,G5,0.25,0.023,8.0,19.0,,4297.00,,18 34 29.1,+63 37 09,8.07,F9   V,Groom 2630,0.265,188,0.0141,8.7,G,18 35 09.3,+63 41 46
147,B. D + 10  3665,18,44,10,39,18h48m42.6363s,+10d45m42.7184s,10,3665,8,K0,0.46,0.045,11.0,25.0,,4340.00,,18 43 45.6,+10 38 46,7.97,K4   d,G 141-037,0.447,164,0.0640,5.6,G,18 48 29.2,+10 44 44
148,B. D. + 17  3779,18,52,17,59,18h56m25.0521s,+18d06m49.7605s,17,3779,5.7,AO,0.18,0,8.0,21.0,,4390.00,,18 51 41.3,+17 58 48,5.69,K1   III,,0.178,199,0.0037,12.5,,18 56 06.0,+18 06 18
149,Iota Cygni,19,27,51,31,19h29m31.0053s,+51d43m33.0612s,51,2605,3.9,A2,0.13,-0.006,7.0,18.0,,4570.00,,19 27 11.0,+51 30 59,3.79,A5   Vn,IOT2 Cyg,0.132,8,0.0012,8.9,G,19 29 42.3,+51 43 46
150,Omicron1 Cygni,20,10,46,31,20h13m08.4405s,+46d49m08.6532s,46,2881,5,A2,0.021,-0.011,10.0,30.0,,4810.00,,20 10 09.3,+46 30 46,4.83,A5   IIIn,30 Cyg,0.009,42,0.0101,10.7,F,20 13 17.9,+46 48 56
151,Omicron2 Cygni,20,10,46,26,20h13m08.7876s,+46d44m08.6743s,46,2882,4,K0,0.006,-0.013,9.0,25.0,*,4811.00,M,20 10 28.8,+46 26 16,3.79,"K2+B3II,V",31 Cyg,0.005,8,0.0047,4.7,G,20 13 37.8,+46 44 28
,,,,,,,,,,,,,,,,*,4811.00,A,20 10 28.8,+46 26 16,3.79,,31 Cyg,0.005,8,0.0047,4.7,G,20 13 37.8,+46 44 28
152,B. D. + 41  3799,20,29,41,33,20h32m33.103s,+41d53m25.7181s,41,3799,7,G5,0.47,0.021,8.0,21.0,,4893.00,,20 29 19.7,+41 32 41,7.09,"G9+K5V,V",Groom 3215,0.486,341,0.0491,5.1,G,20 32 51.5,+41 53 54
153,B. D. + 57  2240,20,43,57,13,20h45m29.8301s,+57d34m56.8067s,57,2240,4.6,G0,0.24,0.04,5.0,14.0,*,4963.00,,20 42 52.1,+57 13 14,4.51,F8   IV-V,LTT 16071,0.243,197,0.0436,7.3,G,20 45 21.1,+57 34 46
154,B. D. + 17  4519,21,7,17,21,21h11m38.7336s,+17d45m33.9438s,17,4519,7.3,F5,0.91,0.038,4.0,11.0,0,0.00,0,0,0,0.00,0,0,0.000,0,0.0000,0.0,0,0,0
155,B. D. + 45  3561,21,26,45,27,21h29m43.1s,+45d53m18.8972s,45,3561,7.9,G0,0.56,0.02,11.0,29.0,*,5186.00,,21 25 59.5,+45 26 45,7.90,G8   V,CI 18-2797,0.555,50,0.0204,10.1,G,21 29 46.7,+45 53 39
156,Rho Cygni,21,30,45,9,21h33m45.8541s,+45d35m40.3325s,44,3865,4.2,K0,0.1,-0.017,9.0,21.0,,5200.00,,21 30 13.0,+45 08 58,4.02,G8   IIIF*,RHO Cyg,0.094,196,-0.0020,11.3,G,21 33 58.8,+45 35 30
157,B. D. + 53  2735,21,51,53,28,21h54m31.4834s,+53d56m23.5296s,53,2735,6.9,F5,0.17,0.009,6.0,18.0,,5301.00,,21 51 26.2,+53 27 33,6.94,F5   V,Bradley 287,0.176,58,0.0150,8.0,G,21 54 59.8,+53 56 08
158,B. D. + 56  2727,22,8,56,21,22h11m33.6428s,+56d50m37.2193s,56,2727,5.4,F8,0.27,0.022,7.0,19.0,*,5376.00,,22 08 12.0,+56 20 30,5.24,F8   V,,0.270,61,0.0215,8.9,G,22 11 48.8,+56 50 21
159,Beta Pegasi,22,59,27,32,23h03m49.5692s,+28d04m19.4442s,27,4480,2.6,Mb,0.23,0.018,10.0,26.0,*,5583.00,,22 58 55.4,+27 32 25,2.42,M2.5 II-I*,BET Peg,0.237,53,0.0198,6.3,G,23 03 46.4,+28 04 58
160,Lambda Andromedae,23,33,45,55,23h37m52.4848s,+46d28m13.0807s,45,4283,4,K0,0.45,0.044,5.0,12.0,*,5716.00,,23 32 39.9,+45 54 58,3.82,G8   III-*,LAM And,0.446,159,0.0477,7.4,G,23 37 33.8,+46 27 29
161,Chi Pegasi,0,9,19,39,00h14m09.835s,+20d12m22.0194s,19,27,4.9,Ma,0.1,0.01,0.006,0.019,,38.00,,00 09 25.5,+19 39 02,4.80,M2+  III,CHI Peg,0.093,87,0.0141,9.8,,00 14 36.1,+20 12 24
162,Nu Piscium,1,14,26,44,01h19m29.763s,+27d15m33.2221s,26,220,4.7,A2,0.029,0.011,7.0,21.0,,273.00,,01 13 58.0,+26 44 18,4.76,A3   V,UPS Psc,0.026,108,0.0166,11.1,,01 19 28.0,+27 15 50
163,Gamma Andromedae (prec),1,58,41,51,02h04m08.2311s,+42d19m51.3214s,41,395,2.3,K0,0.07,-0.003,10.0,31.0,,424.00,A,01 57 45.4,+41 50 59,2.26,K3-  IIb,GAM1 And,0.065,136,0.0083,5.2,G,02 03 53.9,+42 19 46
,,,,,,,,,,,,,,,,,424.00,B,01 57 46.2,+41 51 04,4.84,"B8+A0V,V",GAM2 And,0.061,144,,,,02 03 54.7,+42 19 51
164,Gamma Andromedae (fol),1,58,41,51,02h04m08.2311s,+42d19m51.3214s,41,395,5.1,A0,0.07,-0.005,7.0,22.0,,424.00,A,01 57 45.4,+41 50 59,2.26,K3-  IIb,GAM1 And,0.065,136,0.0083,5.2,G,02 03 53.9,+42 19 46
,,,,,,,,,,,,,,,,,424.00,B,01 57 46.2,+41 51 04,4.84,"B8+A0V,V",GAM2 And,0.061,144,,,,02 03 54.7,+42 19 51
,Mean,,,,,0,0,,,,,,-0.004,6.0,,0,0.00,0,0,0,0.00,0,0,0.000,0,0.0000,0.0,0,0,0
165,16 Persei,2,44,37,54,02h50m17.2316s,+38d18m54.6902s,37,646,4.3,F0,0.22,0.017,8.0,26.0,*,576.00,,02 44 16.0,+37 54 24,4.23,F2   III,16 Per,0.221,117,0.0212,9.6,G,02 50 35.0,+38 19 07
166,Omicron Tauri,3,19,8,41,03h24m23.4452s,+09d02m17.1136s,8,511,3.8,G5,0.1,0.001,6.0,18.0,,711.00,,03 19 25.7,+08 40 37,3.60,G6   IIIF*,OMI Tau,0.101,222,0.0143,7.4,G,03 24 48.7,+09 01 44
167,40 Orionis,5,31,9,14,05h36m29.045s,+09d17m49.1466s,9,898,4.4,K0,0.32,0.034,8.0,22.0,,1285.00,,05 31 24.6,+09 14 11,4.09,K0   IIIb*,PHI2 Ori,0.327,162,0.0313,1.5,G,05 36 54.3,+09 17 25
168,B. D. + 5  1168,6,12,5,8,06h17m19.3261s,+05d05m51.8298s,5,1168,5.8,F8,0.28,0.046,8.0,21.0,*,1463.00,A,06 11 58.2,+05 07 52,5.71,F9   V,,0.261,306,0.0500,9.6,G,06 17 16.1,+05 06 00
169,8 Lyncis,6,29,61,34,06h38m11.1479s,+61d29m07.191s,61,893,6,F0,0.019,0.023,9.0,24.0,*,1526.00,,06 28 33.0,+61 34 08,5.94,G8   IV-V,8 Lyn,0.344,216,0.0341,11.8,G,06 37 41.3,+61 28 52
170,B. D. + 21  1528,7,4,21,25,07h09m57.3754s,+21d15m22.4448s,21,1528,6.5,F8,0.51,0.022,6.0,16.0,*,1672.00,,07 04 10.5,+21 25 15,6.43,G9   V,Lal 13849,0.507,199,0.0253,6.6,G,07 10 06.7,+21 14 48
171,18 Lyncis,7,7,59,49,07h15m45.3569s,+59d38m45.683s,59,1065,5.3,G5,0.27,0.031,6.0,18.0,,1683.00,,07 07 10.9,+59 48 56,5.20,K2   III,18 Lyn,0.278,200,0.0344,9.8,,07 15 54.8,+59 38 14
172,38 Lyncis,9,13,37,14,09h19m13.4727s,+36d48m46.4567s,37,1965,3.8,A0,0.13,0.026,8.0,24.0,,2214.00,,09 12 37.3,+37 13 33,3.82,A3   V,38 Lyn,0.130,195,0.0388,9.6,G,09 18 50.6,+36 48 10
173,35 Leonis,10,11,24,0,10h16m33.6757s,+23d30m06.8764s,24,2207,5.9,G0,0.21,0.038,7.0,19.0,,2410.00,,10 11 00.0,+24 00 00,5.97,G1.5 IV-V,35 Leo,0.204,278,0.0348,1.8,G,10 16 32.2,+23 30 10
174,Omicron Virginis,12,0,9,17,12h05m07.1503s,+08d43m35.5457s,9,2583,4.2,G5,0.22,0.034,6.0,17.0,,2789.00,,12 00 06.8,+09 17 18,4.12,G8   IIIa*,OMI Vir,0.226,281,0.0382,6.7,G,12 05 12.5,+08 43 58
175,8 Canum Ven.,12,29,41,54,12h33m51.1531s,+41d20m54.239s,42,2321,4.3,G0,0.75,0.109,6.0,16.0,*,2895.00,,12 28 59.6,+41 54 03,4.26,G0   V,BET CVn,0.764,292,0.1169,2.4,G,12 33 44.5,+41 21 26
176,B. D. + 10  2637,14,5,10,43,14h09m54.3368s,+10d14m37.4963s,10,2637,7.9,G0,0.17,0.023,9.0,23.0,0,0.00,0,0,0,0.00,0,0,0.000,0,0.0000,0.0,0,0,0
177,Xi Bootis,14,47,19,31,14h51m35.8557s,+19d06m17.9408s,19,2870,4.6,K5,0.17,0.147,7.0,19.0,,3360.00,A,14 46 46.3,+19 30 57,4.55,G8   V,XI Boo,0.171,127,0.1497,1.7,P,14 51 23.2,+19 06 04
,,,,,,,,,,,,,,,,,3360.00,B,14 46 48.0,+19 31 00,6.97,K4   V,SIG 1888B,0.171,127,,,,14 51 24.9,+19 06 07
,,,,,,,,,,,,,,,,,3360.00,C,14 46 48.0,+19 31 00,12.60,,,,,,,,14 51 23.9,+19 06 17
178,45 Bootis,15,3,25,16,15h07m22.1834s,+24d52m54.9837s,25,2873,5,A5,0.27,0.054,6.0,5.0,*,3416.00,,15 02 54.4,+25 15 31,4.93,F5   V,45 Boo,0.249,133,0.0541,5.2,G,15 07 18.0,+24 52 09
,,,,,,,,,,,,,,,,*,3419.00,,15 03 07.7,+25 18 22,10.09,K7   V,G 167-019,1.003,300,0.0598,3.6,F,15 07 23.4,+24 56 08
179,B. D. + 25  2874,15,3,25,18,15h07m22.115s,+24d54m54.9801s,25,2874,9.9,K5,0.96,0.061,10.0,19.0,*,3416.00,,15 02 54.4,+25 15 31,4.93,F5   V,45 Boo,0.249,133,0.0541,5.2,G,15 07 18.0,+24 52 09
,,,,,,,,,,,,,,,,*,3419.00,,15 03 07.7,+25 18 22,10.09,K7   V,G 167-019,1.003,300,0.0598,3.6,F,15 07 23.4,+24 56 08
180,Sigma Serpentis,16,17,1,16,16h22m04.9611s,+01d01m49.2082s,1,3215,4.8,F0,0.17,0.026,10.0,28.0,,3716.00,,16 17 00.3,+01 15 50,4.82,F0   V,SIG Ser,0.165,287,0.0423,9.3,G,16 22 04.3,+01 01 44
181,B. D. + 8  3689,18,21,8,44,18h25m46.8972s,+08d47m24.2591s,8,3689,7.7,G5,0.54,0.026,9.0,21.0,0,0.00,0,0,0,0.00,0,0,0.000,0,0.0000,0.0,0,0,0
182,B. D. + 52  2294,18,49,52,51,18h51m14.827s,+52d58m14.9586s,52,2294,5.6,G5,0.29,0.043,7.0,20.0,,4371.00,,18 49 20.4,+52 50 45,5.51,G9   IVa,,0.259,355,0.0402,4.8,G,18 51 35.1,+52 58 29
183,Sigma Cygni,21,13,38,59,21h16m55.5287s,+39d24m06.9325s,38,4431,4.3,B8p,0.008,-0.007,9.0,24.0,,5126.00,,21 13 29.1,+38 58 31,4.23,B9   Iab,SIG Cyg,0.002,263,0.0083,10.6,G,21 17 24.9,+39 23 40
184,72 Cygni,21,31,38,5,21h35m04.2378s,+38d31m46.3837s,37,4359,5,K0,0.15,0.012,10.0,27.0,,5202.00,,21 30 41.3,+38 05 08,4.90,K0.5 IIIC*,72 Cyg,0.159,51,0.0104,9.2,G,21 34 46.5,+38 32 02
185,16 Cephei,21,58,72,42,21h59m27.5548s,+73d10m50.5042s,72,1009,5.2,F0,0.18,0.033,9.0,24.0,*,5321.00,,21 57 49.3,+72 42 14,5.03,F5   V,16 Cep,0.174,208,0.0309,9.6,G,21 59 14.8,+73 10 48
186,Beta Cassiopeiae,0,4,58,36,00h09m13.7772s,+59d09m23.7441s,58,3,2.4,F5,0.56,0.074,0.011,0.026,,16.00,,00 03 50.2,+58 35 53,2.27,F2   III-*,BET Cas,0.553,108,0.0695,6.6,G,00 09 10.7,+59 08 59
187,Eta Cassiopeiae,0,43,57,17,00h48m49.221s,+57d49m44.4921s,57,150,3.6,F8,1.24,0.173,6.0,12.0,*,155.00,A,00 43 02.7,+57 17 06,3.44,F9   V,ETA Cas,1.213,115,0.1717,1.8,G,00 49 05.7,+57 48 58
,,,,,,,,,,,,,,,,*,155.00,B,00 43 00.0,+57 17 00,7.51,M0-  V   *,SIG 60B,1.219,116,,,,00 49 02.9,+57 48 50
188,Alpha Ceti,2,57,3,42,03h02m13.8138s,+04d05m39.8204s,3,419,2.8,Ma,0.08,0.001,5.0,12.0,,629.00,,02 57 03.0,+03 41 51,2.53,M1.5 IIIa,ALP Cet,0.075,189,0.0051,6.5,G,03 02 16.7,+04 05 23
189,Lambda Tauri,3,55,12,12,04h00m32.5661s,+12d28m59.111s,12,539,var.,B3,0.015,0.012,8.0,20.0,,883.00,A,03 55 08.2,+12 12 28,3.47,"B3+A4V,IV",LAM Tau,0.013,217,-0.0020,12.5,,04 00 40.7,+12 29 25
190,Zeta Aurigae,4,55,40,56,05h01m59.4288s,+41d04m51.5124s,40,1142,3.9,K0,0.033,-0.003,5.0,16.0,,1127.00,,04 55 29.1,+40 55 47,3.75,"K4+B8II,V",ZET Aur,0.023,156,0.0014,7.3,G,05 02 28.6,+41 04 32
191,16 Virginis,12,15,3,52,12h20m06.7454s,+03d18m41.3006s,4,2604,5.1,K0,0.3,-0.011,8.0,21.0,*,2842.00,,12 15 16.1,+03 52 10,4.96,K0-  IIIb*,16 Vir,0.303,257,-0.0025,7.7,G,12 20 20.9,+03 18 45
192,Piazzi 243,12,56,18,55,13h00m56.0061s,+18d22m40.3015s,19,2622,6.1,G0,0.25,0.017,7.0,17.0,,2982.00,,12 55 44.2,+18 54 37,6.20,F6   Vs,,0.245,283,0.0204,11.1,,13 00 38.6,+18 22 23
193,70 Virginis,13,24,14,19,13h28m55.06s,+13d47m56.3844s,14,2621,5.2,F0,0.63,0.032,8.0,23.0,*,3076.00,,13 23 32.2,+14 18 46,4.98,G4   V,70 Vir,0.628,202,0.0539,6.9,F,13 28 25.8,+13 46 43
194,Tau Bootis,13,43,17,57,13h47m48.4551s,+17d27m03.7186s,18,2782,4.5,F5,0.48,0.043,7.0,16.0,,3144.00,A,13 42 30.5,+17 57 18,4.50,F6   IV,TAU Boo,0.483,275,0.0545,4.8,G,13 47 15.7,+17 27 24
,,,,,,,,,,,,,,,,,3144.00,B,13 42 30.0,+17 57 00,11.00,M2,,,,,,,13 47 18.6,+17 27 02
195,Kappa Bootis (fainter),14,10,52,15,14h13m34.3035s,+51d46m57.7971s,,,6.6,,0.07,0.022,9.0,16.0,,3235.00,A,14 09 54.0,+52 15 27,4.54,A8   IV,KAP2 Boo,0.048,100,0.0145,8.2,F,14 13 28.9,+51 47 24
,,,,,,,,,,,,,,,,,3235.00,B,14 09 52.7,+52 15 20,6.69,F1   V,KAP1 Boo,0.056,116,,,,14 13 27.7,+51 47 15
196,Kappa Bootis (brighter),14,10,52,15,14h13m34.3035s,+51d46m57.7971s,52,1782,4.6,,0.07,0.018,11.0,27.0,,3235.00,A,14 09 54.0,+52 15 27,4.54,A8   IV,KAP2 Boo,0.048,100,0.0145,8.2,F,14 13 28.9,+51 47 24
,,,,,,,,,,,,,,,,,3235.00,B,14 09 52.7,+52 15 20,6.69,F1   V,KAP1 Boo,0.056,116,,,,14 13 27.7,+51 47 15
,Mean,,,,,0,0,,,,A5,,0.02,7.0,,0,0.00,0,0,0,0.00,0,0,0.000,0,0.0000,0.0,0,0,0
197,Lambda Bootis,14,13,46,33,14h16m49.6849s,+46d05m12.8369s,46,1949,4.3,A0,0.24,0.036,9.0,25.0,,3246.00,,14 12 34.8,+46 32 50,4.18,A0p,LAM Boo,0.247,310,0.0411,8.0,G,14 16 22.9,+46 05 17
198,Theta Bootis,14,22,52,19,14h25m26.6816s,+51d51m56.8323s,52,1804,4.1,F8,0.47,0.062,11.0,25.0,*,3274.00,A,14 21 47.5,+52 18 46,4.05,F7   V,THE Boo,0.468,211,0.0699,11.2,G,14 25 11.8,+51 51 02
,,,,,,,,,,,,,,,,*,3274.00,B,14 21 48.0,+52 19 00,11.50,M3,,,,,,,14 25 14.9,+51 51 56
199,Beta Serpentis,15,42,15,44,15h46m36.4713s,+15d25m21.2696s,15,2911,3.7,A2,0.09,0.031,8.0,18.0,,3569.00,A,15 41 34.2,+15 44 04,3.67,A2   IV,BET Ser,0.082,127,0.0372,9.6,G,15 46 11.2,+15 25 18
,,,,,,,,,,,,,,,,,3569.00,B,15 41 36.0,+15 44 00,9.72,K3   V:,,,,,,,15 46 12.6,+15 25 19
200,Groombridge 2354,16,27,48,11,16h29m50.2964s,+47d58m00.1295s,48,2400,6.5,K0,0.3,-0.004,8.0,21.0,,3760.00,,16 27 25.6,+48 10 32,7.00,G0   V,,0.294,201,-0.0015,12.5,,16 30 14.9,+47 57 08
201,Eta Herculis,16,39,39,7,16h42m25.498s,+38d55m40.2639s,39,3029,3.6,K0,0.1,0.053,9.0,26.0,,3803.00,,16 39 27.9,+39 06 44,3.53,G7.5 IIIb*,ETA Her,0.091,160,0.0341,6.7,P,16 42 53.7,+38 55 20
202,Lalande 31528,17,15,9,34,17h19m45.3732s,+09d27m49.3659s,9,3366,8.2,G0,0.31,-0.022,7.0,18.0,*,3938.00,,17 15 26.3,+09 34 17,7.97,G0   V,Lal 31528,0.317,184,0.0120,7.3,X,17 20 11.6,+09 27 39
203,Beta Draconis,17,28,52,23,17h30m15.7578s,+52d18m30.8331s,52,2065,3,G0,0.012,0.014,8.0,24.0,,3982.00,,17 28 10.3,+52 22 31,2.79,G2   Ib-I*,BET Dra,0.025,303,0.0084,8.1,G,17 30 25.9,+52 18 05
204,Nu Draconis (prec.),17,30,55,15,17h31m56.5379s,+55d10m46.7874s,55,1944,5,A5,16.0,0.005,13.0,36.0,,3999.00,A,17 30 17.6,+55 14 27,4.87,A4m,NU2 Dra,0.152,70,0.0326,9.4,G,17 32 15.9,+55 10 22
,,,,,,,,,,,,,,,,,3999.00,B,17 30 12.3,+55 15 09,4.88,A6   V,NU1 Dra,0.151,69,,,,17 32 10.5,+55 11 03
205,Nu Draconis (fol.),17,30,55,15,17h31m56.5379s,+55d10m46.7874s,55,1945,5,A5,0.17,0.022,10.0,28.0,,3999.00,A,17 30 17.6,+55 14 27,4.87,A4m,NU2 Dra,0.152,70,0.0326,9.4,G,17 32 15.9,+55 10 22
,,,,,,,,,,,,,,,,,3999.00,B,17 30 12.3,+55 15 09,4.88,A6   V,NU1 Dra,0.151,69,,,,17 32 10.5,+55 11 03
,Mean,,,,,0,0,,,,,,0.016,8.0,,0,0.00,0,0,0,0.00,0,0,0.000,0,0.0000,0.0,0,0,0
206,Piazzi 368,18,2,8,52,18h06m46.5303s,+08d52m38.3979s,8,3581,7.7,F5,0.15,0.004,9.0,21.0,*,4145.00,,18 02 03.8,+08 52 08,7.70,F5   d,,0.157,156,0.0059,13.9,,18 06 50.8,+08 52 33
207,Groombridge 2527,18,8,54,15,18h10m01.8172s,+54d16m18.8561s,54,1950,5.9,G5,0.28,0.007,7.0,18.0,,4181.00,,18 08 28.6,+54 15 24,5.95,K1   III,,0.263,23,0.0215,8.9,F,18 10 31.6,+54 17 11
208,Delta Draconis,19,13,67,29,19h12m59.9054s,+67d39m27.8197s,67,1129,3.2,K0,0.13,0.03,10.0,25.0,*,4495.00,,19 12 31.9,+67 29 08,3.07,G9   III,DEL Dra,0.130,45,0.0280,8.9,G,19 12 33.3,+67 39 41
209,25 Aquilae,19,13,11,25,19h17m41.6389s,+11d35m47.2497s,11,3790,5,A0,0.01,0.006,5.0,14.0,,4501.00,,19 13 07.3,+11 24 53,5.28,F0   IV,OME1 Aql,0.015,4,0.0100,8.4,,19 17 49.0,+11 35 43
210,Groombridge 2809,19,14,46,49,19h16m52.2113s,+46d59m47.9866s,46,2658,6,F0,0.28,0.013,11.0,29.0,,4511.00,,19 13 59.1,+46 48 39,6.00,F6   IV:,,0.296,358,0.0163,16.8,,19 16 51.3,+46 59 56
211,16 Cygni (brighter),19,39,50,18,19h41m40.9878s,+50d32m09.916s,50,2847,6.3,,0.21,0.043,6.0,16.0,*,4634.00,A,19 39 09.3,+50 17 34,5.96,G1.5 Vb,16 Cyg,0.214,226,0.0466,1.2,G,19 41 48.9,+50 31 30
,,,,,,,,,,,,,,,,*,4634.00,B,19 39 12.2,+50 17 07,6.20,G3   V,,0.211,222,,,,19 41 52.0,+50 31 02
212,16 Cygni (fainter),19,39,50,17,19h41m41.0747s,+50d31m09.9217s,50,2848,6.4,,0.2,0.021,12.0,31.0,*,4634.00,A,19 39 09.3,+50 17 34,5.96,G1.5 Vb,16 Cyg,0.214,226,0.0466,1.2,G,19 41 48.9,+50 31 30
,,,,,,,,,,,,,,,,*,4634.00,B,19 39 12.2,+50 17 07,6.20,G3   V,,0.211,222,,,,19 41 52.0,+50 31 02
,Mean,,,,,0,0,,,,F0,,0.038,5.0,,0,0.00,0,0,0,0.00,0,0,0.000,0,0.0000,0.0,0,0,0
213,Kappa Pegasi,21,40,25,11,21h44m31.4842s,+25d38m33.3432s,24,4463,4.3,F5,0.037,+ .02r,7.0,20.0,,5250.00,,21 40 06.9,+25 11 07,4.13,F5   IV,KAP Peg,0.038,69,0.0338,4.9,G,21 44 38.7,+25 38 42
,,,,,,,,,,,,,,,,,5251.00,,21 40 06.0,+25 11 00,10.80,G9   g,,0.009,58,0.0079,18.5,,21 44 37.6,+25 38 34
214,4 Camelopardi,4,40,56,35,04h48m19.6077s,+56d45m51.2756s,56,973,5.4,A2,0.16,0.008,0.007,0.022,*,1057.00,,04 39 40.1,+56 34 46,5.34,A3m,4 Cam,0.155,160,0.0132,9.9,G,04 48 00.2,+56 45 25
215,Omicron Ursae majoris,8,22,61,3,08h30m20.1659s,+60d43m06.3962s,61,1054,3.5,G0,0.17,-0.004,6.0,19.0,,2010.00,,08 21 57.5,+61 03 09,3.36,G5   III,OMI UMa,0.172,230,0.0065,8.2,G,08 30 15.8,+60 43 05
216,36 Ursae majoris,10,24,56,30,10h30m26.1439s,+55d59m17.4401s,56,1459,4.8,F5,0.18,0.07,7.0,19.0,,2457.00,,10 24 01.3,+56 30 42,8.72,K7   V,Vys 30,0.185,258,0.0749,5.6,G,10 30 25.3,+55 59 56
,,,,,,,,,,,,,,,,,2459.00,,10 24 13.7,+56 29 36,4.84,F8   V,36 UMa,0.181,259,0.0748,2.8,G,10 30 37.5,+55 58 50
217,Groombridge 1658,10,27,40,56,10h32m51.3709s,+40d25m08.2379s,41,2101,4.8,F,0.14,0.023,7.0,19.0,,2466.00,,10 27 23.9,+40 56 24,4.75,A7   IV,,0.141,270,0.0287,11.1,,10 33 13.9,+40 25 31
218,Gamma Comae Berenices,12,22,28,49,12h26m59.6323s,+28d15m46.8628s,29,2288,4.6,K,0.12,-0.003,5.0,17.0,,2868.00,,12 21 57.2,+28 49 27,4.36,K1   IIIF*,GAM Com,0.119,225,0.0018,8.4,,12 26 56.2,+28 16 06
219,Delta Virginis,12,51,3,56,12h56m05.4065s,+03d23m29.8863s,4,2669,3.7,Ma,0.48,0.013,7.0,17.0,*,2968.00,,12 50 33.9,+03 56 27,3.38,M3+  III,DEL Vir,0.475,263,0.0200,7.5,G,12 55 36.2,+03 23 50
220,Beta 612,13,35,11,15,13h39m56.6724s,+10d44m34.0073s,11,2589,5.5,A,0.11,-0.001,8.0,23.0,0,0.00,0,0,0,0.00,0,0,0.000,0,0.0000,0.0,0,0,0
221,Piazzi 194,13,42,6,51,13h47m00.5779s,+06d21m00.2426s,7,2690,6.3,F5,0.5,0.023,6.0,17.0,,3140.00,A,13 41 59.9,+06 51 12,6.33,G0-1 IV-V,,0.517,257,0.0287,4.6,G,13 46 57.1,+06 21 01
,,,,,,,,,,,,,,,,,3140.00,B,13 42 00.0,+06 51 00,10.05,M0   dp,CI 20-808,0.542,265,,,,13 46 57.0,+06 20 56
222,B. D. + 7  2692,13,43,6,53,13h48m00.4818s,+06d23m04.1082s,7,2692,10,,0.5,0.026,8.0,25.0,0,0.00,0,0,0,0.00,0,0,0.000,0,0.0000,0.0,0,0,0
,Mean,,,,,0,0,,,,,,0.024,5.0,,0,0.00,0,0,0,0.00,0,0,0.000,0,0.0000,0.0,0,0,0
223,Rho Bootis,14,28,30,49,14h32m19.2373s,+30d22m30.5203s,31,2628,3.8,K0,0.15,0.031,8.0,24.0,,3291.00,,14 27 31.1,+30 48 37,3.58,K3-  III,RHO Boo,0.154,319,0.0248,9.6,F,14 31 49.7,+30 22 17
224,Epsilon Bootis (prec.),14,41,27,30,14h45m22.3396s,+27d04m42.4713s,27,2417,5.1,,,0.014,11.0,28.0,0,0.00,0,0,0,0.00,0,0,0.000,0,0.0000,0.0,0,0,0
225,Epsilon Bootis (fol.),14,41,27,30,14h45m22.3396s,+27d04m42.4713s,27,2417,2.7,K0,0.05,0.006,9.0,22.0,0,0.00,0,0,0,0.00,0,0,0.000,0,0.0000,0.0,0,0,0
,Mean,,,,,0,0,,,,,,0.009,7.0,,0,0.00,0,0,0,0.00,0,0,0.000,0,0.0000,0.0,0,0,0
226,Beta Bootis,14,58,40,47,15h01m46.4707s,+40d23m21.8548s,40,2840,3.6,G5,0.06,0.13,8.0,22.0,,3399.00,,14 58 10.6,+40 47 05,3.50,G8   IIIa*,BET Boo,0.055,235,0.0296,10.9,F,15 01 56.7,+40 23 25
227,Delta Bootis,15,11,33,41,15h15m01.3965s,+33d18m45.2698s,33,2561,3.5,K0,0.16,0.026,9.0,22.0,,3449.00,A,15 11 28.1,+33 41 16,3.47,G8   IIIF*,DEL Boo,0.143,145,0.0276,8.4,G,15 15 30.1,+33 18 53
,,,,,,,,,,,,,,,,,3449.00,B,15 11 30.0,+33 41 00,7.90,G0   V,,,,,,,15 15 31.3,+33 18 49
228,5 Serpentis,15,14,2,9,15h19m03.9146s,+01d47m08.4076s,2,2944,5.2,G,0.64,0.03,8.0,24.0,,3457.00,A,15 14 12.3,+02 08 37,5.06,F8   III-*,5 Ser,0.633,145,0.0349,5.4,G,15 19 18.7,+01 45 55
229,Iota Draconis,15,23,59,59,15h25m08.8339s,+59d37m58.9621s,59,1654,3.5,K0,0.01,0.02,10.0,25.0,*,3490.00,,15 22 42.1,+59 18 58,3.29,K2   III,IOT Dra,0.021,315,0.0388,10.7,G,15 24 55.7,+58 57 57
230,Lambda Serpentis,15,42,7,40,15h46m52.7595s,+07d21m22.2554s,7,3023,4.4,G,0.24,0.081,8.0,21.0,,3570.00,,15 41 35.3,+07 39 59,4.43,G0-  V,LAM Ser,0.241,251,0.0849,4.0,G,15 46 26.6,+07 21 10
231,Delta Coronae Borealis,15,45,26,22,15h49m12.3429s,+26d03m41.6651s,26,2737,4.7,G5,0.11,0.008,8.0,22.0,,3585.00,,15 45 23.9,+26 22 27,4.63,G3.5 III-*,DEL CrB,0.101,231,0.0125,12.5,,15 49 35.6,+26 04 05
232,Kappa Coronae Borealis,15,47,36,58,15h50m43.2874s,+36d39m54.5566s,36,2652,4.8,Mb,0.36,0.025,5.0,15.0,*,3592.00,,15 47 27.7,+35 58 03,4.82,K1   IVa,KAP CrB,0.350,182,0.0346,7.3,F,15 51 13.9,+35 39 26
233,Groombridge 3100 (prec.),20,11,52,49,20h13m38.9587s,+53d07m14.193s,52,2657,7,F5,0.18,0.007,9.0,27.0,*,4814.00,A,20 11 01.2,+52 48 59,7.02,F5   d,,0.183,16,0.0125,11.9,G,20 13 40.8,+53 07 31
,,,,,,,,,,,,,,,,*,4814.00,B,20 10 58.7,+52 48 21,9.10,K2,,0.009,252,,,,20 13 37.7,+53 06 34
234,Groombridge 3100 (fol.),20,11,52,49,20h13m38.9587s,+53d07m14.193s,,,9.1,,,0.015,15.0,36.0,*,4814.00,A,20 11 01.2,+52 48 59,7.02,F5   d,,0.183,16,0.0125,11.9,G,20 13 40.8,+53 07 31
,,,,,,,,,,,,,,,,*,4814.00,B,20 10 58.7,+52 48 21,9.10,K2,,0.009,252,,,,20 13 37.7,+53 06 34
,Mean,,,,,0,0,,,,,,0.009,8.0,,0,0.00,0,0,0,0.00,0,0,0.000,0,0.0000,0.0,0,0,0
235,611 Cygni,21,3,38,15,21h06m53.9907s,+38d39m07.7589s,38,4343,5.6,,5.26,0.282,9.0,29.0,0,0.00,0,0,0,0.00,0,0,0.000,0,0.0000,0.0,0,0,0
236,612 Cygni,21,3,38,15,21h06m53.9907s,+38d39m07.7589s,38,4344,6.3,K5,5.14,0.286,7.0,23.0,0,0.00,0,0,0,0.00,0,0,0.000,0,0.0000,0.0,0,0,0
,Mean,,,,,0,0,,,,,,0.285,5.0,,0,0.00,0,0,0,0.00,0,0,0.000,0,0.0000,0.0,0,0,0
237,Delta Andromedae,0,34,30,19,00h39m19.9742s,+30d51m58.9767s,30,91,3.5,K2,0.17,0.15,0.008,0.023,,108.00,,00 33 58.6,+30 18 49,3.27,K3   III,DEL And,0.161,122,0.0290,1.8,G,00 39 19.6,+30 51 39
238,Zeta Andromedae,1,42,23,43,01h47m33.6113s,+24d12m58.6966s,23,106,4.3,K0,0.13,0.026,8.0,25.0,*,151.00,,00 42 02.1,+23 43 23,4.06,G8   IIIe,ZET And,0.126,232,0.0355,9.6,G,00 47 20.3,+24 16 01
239,Mu Andromedae,1,51,37,57,01h56m57.5502s,+38d26m21.7397s,37,175,3.9,A2,0.16,0.04,9.0,27.0,0,0.00,0,0,0,0.00,0,0,0.000,0,0.0000,0.0,0,0,0
240,28 Cassiopeiae,1,51,58,38,01h57m53.3824s,+59d07m19.8047s,58,138,4.8,K0,0.1,0.068,6.0,15.0,,186.00,,00 50 42.2,+58 38 26,4.63,G8   IIIb*,UPS2 Cas,0.100,244,0.0354,6.7,X,00 56 39.9,+59 10 51
241,Eta Andromedae,1,52,22,53,01h57m34.7956s,+23d22m18.345s,22,153,4.6,G5,0.06,0.006,5.0,15.0,*,191.00,,00 51 51.8,+22 52 40,4.42,G8   IIIb,ETA And,0.062,226,0.0061,7.3,G,00 57 12.4,+23 25 03
242,Chi Piscium,1,6,20,30,01h11m22.3483s,+21d01m55.2206s,20,172,4.9,K0,0.023,0.008,5.0,15.0,,244.00,,01 06 04.5,+20 30 10,4.66,G8.5 III-*,CHI Psc,0.039,99,0.0136,7.9,G,01 11 27.2,+21 02 04
243,Zeta Piscium (prec.),2,9,7,3,02h14m16.6676s,+07d31m02.8921s,6,174,5.6,A5,0.15,0.021,12.0,29.0,0,0.00,0,0,0,0.00,0,0,0.000,0,0.0000,0.0,0,0,0
244,Zeta Piscium (fol.),2,9,7,3,02h14m16.6676s,+07d31m02.8921s,6,175,6.5,F8,0.15,0.018,7.0,17.0,0,0.00,0,0,0,0.00,0,0,0.000,0,0.0000,0.0,0,0,0
,Mean,,,,,0,0,,,,,,0.019,6.0,,0,0.00,0,0,0,0.00,0,0,0.000,0,0.0000,0.0,0,0,0
245,38 Cassiopeiae,2,24,69,45,02h32m48.5439s,+70d11m38.8396s,69,102,6,F5,0.16,0.034,8.0,21.0,,303.00,,01 23 46.8,+69 45 00,5.81,F6   V,38 Cas,0.155,116,0.0378,12.5,,01 31 13.8,+70 15 53
246,Eta Piscium,2,26,14,50,02h31m29.1134s,+15d16m37.0029s,14,231,3.7,G5,0.034,-0.015,3.0,16.0,,314.00,,01 26 07.8,+14 49 49,3.62,G7   IIIa,ETA Psc,0.027,93,0.0139,5.5,P,01 31 29.0,+15 20 44
247,Chi Cassiopeiae,2,27,58,43,02h34m22.9805s,+59d09m26.6613s,58,260,4.9,K0,0.038,0.015,5.0,15.0,,319.00,,01 27 23.4,+58 43 07,4.71,G9   IIIb,CHI Cas,0.049,260,0.0192,7.3,G,01 33 55.8,+59 13 55
248,Upsilon Persei,2,32,48,7,02h38m41.5608s,+48d33m01.4429s,47,467,3.8,K0,0.13,0.029,10.0,27.0,,335.00,,01 31 51.0,+48 07 17,3.57,K3-  III,51 And,0.126,149,0.0209,1.6,G,01 37 59.6,+48 37 41
249,Nu Piscium,2,36,4,59,02h41m15.1453s,+05d24m43.2842s,4,293,4.7,K0,0.018,0.05,7.0,18.0,0,0.00,0,0,0,0.00,0,0,0.000,0,0.0000,0.0,0,0,0
250,65 Andromedae,2,19,49,50,02h25m40.2609s,+50d17m10.2544s,49,656,4.9,K5,0.032,0,6.0,18.0,*,490.00,,02 18 56.9,+49 49 33,4.71,K4+  III,65 And,0.028,103,0.0083,8.7,G,02 25 37.4,+50 16 42
251,Theta Persei,2,37,48,48,02h43m46.4515s,+49d13m33.4194s,48,746,4.2,F8,0.35,0.074,6.0,20.0,,549.00,A,02 37 21.9,+48 48 20,4.12,F8   V,THE Per,0.347,104,0.0796,5.7,G,02 44 12.0,+49 13 42
,,,,,,,,,,,,,,,,,549.00,B,02 37 24.0,+48 48 00,10.06,M1   V,,0.347,104,,,,02 44 14.1,+49 13 22
252,Zeta Arietis,3,9,20,40,03h14m45.2001s,+21d02m22.1179s,20,527,5,A0,0.08,0.012,4.0,10.0,,672.00,,03 09 09.0,+20 40 26,4.89,A1   V,ZET Ari,0.076,201,0.0177,7.2,,03 14 54.0,+21 02 40
253,Nu Persei,3,38,24,16,03h43m57.2522s,+24d35m02.7584s,42,815,3.9,F5,0.008,0.004,7.0,18.0,0,0.00,0,0,0,0.00,0,0,0.000,0,0.0000,0.0,0,0,0
254,Nu Tauri,3,58,5,43,04h03m19.2754s,+05d59m37.2685s,5,581,3.9,A0,0.009,0.009,9.0,27.0,,892.00,,03 57 50.0,+05 42 43,3.91,A1   V,NU Tau,0.002,101,0.0289,7.7,G,04 03 09.3,+05 59 21
255,Beta 883,4,46,10,54,04h51m32.0851s,+11d04m13.046s,10,654,7,F5,,0.036,5.0,16.0,,1084.00,M,04 45 39.9,+10 53 50,6.76,"F7+F7V,V",Lal 9091,0.078,99,0.0277,4.0,G,04 51 12.5,+11 04 04
,,,,,,,,,,,,,,,,,1084.00,A,04 45 39.9,+10 53 50,7.50,F7   V,Lal 9091,0.078,99,0.0277,4.0,G,04 51 12.5,+11 04 04
256,Tau Aurigae,5,42,39,9,05h48m56.0368s,+39d11m07.01s,39,1418,4.6,K0,0.035,0.009,7.0,22.0,,1325.00,,05 42 14.6,+39 08 49,4.52,G8   IIIF*,TAU Aur,0.041,225,0.0030,8.9,F,05 49 10.4,+39 10 51
257,Lalande 11471,5,59,35,24,06h05m42.3449s,+35d23m39.3985s,35,1334,6.1,G0,0.33,0.043,9.0,29.0,0,0.00,0,0,0,0.00,0,0,0.000,0,0.0000,0.0,0,0,0
258,Beta 895,6,13,28,29,06h19m19.6578s,+28d26m38.7149s,28,1078,7.2,A3,,0.001,6.0,17.0,0,0.00,0,0,0,0.00,0,0,0.000,0,0.0000,0.0,0,0,0
259,6 Lyncis,6,22,58,14,06h30m41.5167s,+58d10m10.0383s,58,932,6,G5,0.33,0.014,8.0,23.0,*,1499.00,,06 22 06.0,+58 14 09,5.88,K0   III-*,6 Lyn,0.335,184,0.0241,8.6,G,06 30 47.1,+58 09 45
260,Piazzi 305,6,57,29,30,07h03m20.1911s,+29d21m19.7284s,29,1441,6,F8,0.84,0.053,9.0,24.0,*,1647.00,,06 57 09.0,+29 30 17,5.93,G4   V,Lal 13576,0.841,169,0.0410,4.7,G,07 03 30.3,+29 20 13
261,Alpha Geminorum (prec.),7,28,32,6,07h34m24.3451s,+31d53m03.1426s,,,2.8,A0,,0.054,7.0,25.0,*,1785.00,M,07 28 13.0,+32 06 27,1.58,A2+v,ALP Gem,0.198,239,0.0747,2.5,G,07 34 36.0,+31 53 19
,,,,,,,,,,,,,,,,*,1785.00,A,07 28 13.0,+32 06 27,1.98,A1   V,ALP Gem,0.198,239,0.0747,2.5,G,07 34 36.0,+31 53 19
,,,,,,,,,,,,,,,,*,1785.00,B,07 28 12.0,+32 06 00,2.88,A2   Vm,ALP Gem,0.198,236,,,,07 34 35.0,+31 52 51
,,,,,,,,,,,,,,,,*,1785.00,C,07 28 14.7,+32 05 18,9.10,M1   Ve,,0.232,241,,,,07 34 37.4,+31 52 08
262,Alpha Geminorum (fol.),7,28,32,6,07h34m24.3451s,+31d53m03.1426s,,,2,A0,,0.085,7.0,24.0,*,1785.00,M,07 28 13.0,+32 06 27,1.58,A2+v,ALP Gem,0.198,239,0.0747,2.5,G,07 34 36.0,+31 53 19
,,,,,,,,,,,,,,,,*,1785.00,A,07 28 13.0,+32 06 27,1.98,A1   V,ALP Gem,0.198,239,0.0747,2.5,G,07 34 36.0,+31 53 19
,,,,,,,,,,,,,,,,*,1785.00,B,07 28 12.0,+32 06 00,2.88,A2   Vm,ALP Gem,0.198,236,,,,07 34 35.0,+31 52 51
,,,,,,,,,,,,,,,,*,1785.00,C,07 28 14.7,+32 05 18,9.10,M1   Ve,,0.232,241,,,,07 34 37.4,+31 52 08
,Mean,,,,,0,0,32,1581,,,0.11,0.07,5.0,,0,0.00,0,0,0,0.00,0,0,0.000,0,0.0000,0.0,0,0,0
263,Omicron  Geminorum,7,33,34,49,07h39m31.8892s,+34d35m22.512s,34,1649,4.9,F0,0.12,0.028,9.0,24.0,,1800.00,,07 32 38.2,+34 48 49,4.90,F3   III,OMI Gem,0.126,196,0.0192,8.7,G,07 39 09.8,+34 35 03
264,Lalande 15565,7,54,29,31,08h00m13.0178s,+29d14m39.6643s,29,1664,6.9,G0,1.17,0.042,6.0,19.0,,1889.00,,07 54 20.4,+29 31 03,7.00,G8   V,CI 18-949,1.181,187,0.0542,3.9,G,08 00 32.2,+29 12 43
265,14 Cancri,8,4,25,49,08h10m02.0029s,+25d31m25.0115s,25,1865,5.8,G5,0.36,0.031,10.0,25.0,*,1936.00,,08 04 25.8,+25 48 39,5.73,G7   V,PSI Cnc,0.359,191,0.0265,8.5,G,08 10 27.2,+25 30 26
266,18 Cancri,8,14,27,33,08h20m04.6233s,+27d14m11.5076s,27,1589,5.2,F5,0.39,0.06,9.0,25.0,,1979.00,,08 13 59.3,+27 32 29,5.14,F6   V,CHI Cnc,0.381,182,0.0641,9.9,G,08 20 03.8,+27 13 03
267,4 Ursae Majoris,8,31,64,40,08h39m45.5279s,+64d19m02.6377s,64,698,4.8,K0,0.05,0.013,10.0,31.0,,2050.00,,08 31 28.5,+64 40 38,4.60,K1+  IIIb,PI2 UMa,0.063,289,0.0136,9.4,G,08 40 12.8,+64 19 40
268,55 Cancri,8,47,28,43,08h53m00.9456s,+28d20m25.6504s,28,1660,6.1,K0,0.54,0.069,6.0,15.0,*,2117.00,A,08 46 38.4,+28 42 45,5.95,G8   V,RHO1 Cnc,0.528,244,0.0768,2.4,G,08 52 35.8,+28 19 51
269,Zeta Hydrae,8,50,6,20,08h55m17.8782s,+05d57m08.7122s,6,2060,3.3,K0,0.1,0.024,8.0,22.0,,2134.00,,08 50 06.4,+06 19 34,3.11,G9   II-I*,ZET Hya,0.102,276,0.0304,8.4,F,08 55 23.6,+05 56 43
270,11 Leonis Minoris,9,30,36,16,09h36m05.5576s,+35d49m13.5594s,36,1979,5.5,K0,0.75,0.117,7.0,20.0,,2280.00,A,09 29 39.8,+36 15 45,5.41,G8   V,11 LMi,0.775,251,0.0907,2.5,P,09 35 39.4,+35 48 36
271,78 Ursae Majoris,12,56,56,54,13h00m16.4626s,+56d21m39.573s,57,1408,4.9,F0,0.1,0.026,11.0,28.0,,2986.00,,12 56 26.3,+56 54 18,4.93,F2   V,78 UMa,0.113,95,0.0240,5.9,G,13 00 43.8,+56 21 58
272,59 Virginis,13,12,9,57,13h17m00.1017s,+09d25m20.4097s,10,2531,5.2,F0,0.38,0.07,10.0,25.0,,3034.00,,13 11 48.6,+09 56 47,5.22,G0   V s,59 Vir,0.388,300,0.0630,7.5,F,13 16 46.5,+09 25 27
273,24 Bootis,14,25,50,18,14h28m31.9638s,+49d51m12.6s,50,2084,5.6,G5,0.31,0.018,11.0,27.0,,3284.00,,14 25 09.0,+50 17 32,5.59,G3   IV,24 Boo,0.316,262,0.0216,16.8,,14 28 37.7,+49 50 41
274,Groombridge 2152,14,45,38,13,14h48m57.8446s,+37d48m04.3686s,38,2593,6,F0,0.27,0.01,10.0,25.0,,3348.00,,14 45 11.0,+38 13 23,6.16,F2   V,,0.278,293,0.0225,7.9,G,14 49 06.7,+37 48 40
275,Alpha Serpentis,15,39,6,44,15h43m54.713s,+06d25m00.6869s,6,3088,2.8,K0,0.14,0.046,10.0,25.0,,3557.00,,15 39 20.4,+06 44 24,2.65,K2   IIIb*,ALP Ser,0.142,72,0.0450,2.0,G,15 44 16.0,+06 25 32
276,Epsilon Serpentis,15,46,4,47,15h50m58.2934s,+04d28m51.8059s,4,3069,3.8,A0,0.14,0.03,7.0,19.0,,3587.00,,15 45 49.7,+04 46 43,3.71,A2m,EPS Ser,0.140,65,0.0378,7.8,G,15 50 48.9,+04 28 40
277,39 Serpentis,15,49,13,31,15h53m40.5018s,+13d13m12.8371s,13,3024,6.2,G0,0.58,0.021,9.0,22.0,*,3595.00,,15 48 32.5,+13 30 34,6.10,G0   VFe-*,39 Ser,0.584,196,0.0423,10.2,F,15 53 12.0,+13 11 47
278,Rho Coronae Borealis,15,57,33,37,16h00m51.0596s,+33d20m09.5912s,33,2663,5.4,F0,0.81,0.045,8.0,20.0,,3626.00,,15 57 13.1,+33 36 18,5.41,G0+  VaFe*,RHO CrB,0.798,195,0.0396,10.2,G,16 01 02.6,+33 18 12
279,Lalande 29437,16,4,6,40,16h08m53.9203s,+06d24m06.9664s,6,3169,6,F5,0.76,0.012,8.0,22.0,*,3659.00,,16 04 15.6,+06 39 48,5.97,K1.5 IV,Lal 29437,0.776,163,0.0308,6.2,G,16 09 11.1,+06 22 43
280,Sigma 2107,16,48,28,50,16h51m57.466s,+28d39m57.0497s,28,2624,6.5,F5,0.35,0.028,10.0,28.0,,3836.00,M,16 47 52.6,+28 49 59,6.66,"F4+G3V,V",SIG 2107,0.033,356,0.0182,5.0,G,16 51 50.1,+28 39 58
,,,,,,,,,,,,,,,,,3836.00,A,16 47 52.6,+28 49 59,6.80,F4   V,SIG 2107,0.033,356,0.0182,5.0,G,16 51 50.1,+28 39 58
281,Groombridge 2389,16,50,43,0,16h53m08.6197s,+42d50m10.3484s,43,2659,6.7,G0,0.32,0.026,9.0,26.0,,3848.00,,16 50 22.6,+42 59 49,6.81,G0   V,,0.364,162,0.0330,7.2,G,16 53 32.3,+42 49 28
282,Lalande 31065,17,0,0,51,17h05m05.6223s,+00d42m42.7431s,0,3629,5.9,F8,0.029,0.034,6.0,15.0,,3881.00,,17 00 11.2,+00 50 58,6.01,F8.5 IV-V,CI 18-2279,0.335,183,0.0397,6.1,F,17 05 16.8,+00 42 09
283,Alpha Herculis (prec.),17,10,14,30,17h14m33.7119s,+14d23m05.6463s,,,3.5,,0.032,-0.025,9.0,25.0,*,3912.00,A,17 10 05.1,+14 30 15,3.48,M5   Ib-II,ALP Her,0.036,344,-0.0023,6.3,G,17 14 38.8,+14 23 25
,,,,,,,,,,,,,,,,*,3912.00,B,17 10 05.5,+14 30 13,5.39,"G5+F2III,V",ALP Her,0.044,353,,,,17 14 39.2,+14 23 24
284,Alpha Herculis (fol.),17,10,14,30,17h14m33.7119s,+14d23m05.6463s,,,5.4,,,-0.009,10.0,27.0,*,3912.00,A,17 10 05.1,+14 30 15,3.48,M5   Ib-II,ALP Her,0.036,344,-0.0023,6.3,G,17 14 38.8,+14 23 25
,,,,,,,,,,,,,,,,*,3912.00,B,17 10 05.5,+14 30 13,5.39,"G5+F2III,V",ALP Her,0.044,353,,,,17 14 39.2,+14 23 24
,Mean,,,,,0,0,14,3207,,Mb,,-0.018,7.0,,0,0.00,0,0,0,0.00,0,0,0.000,0,0.0000,0.0,0,0,0
285,Beta 637,18,5,2,6,18h10m02.468s,+02d07m05.7902s,3,3613,5.7,F0,0.21,0.076,8.0,20.0,0,0.00,0,0,0,0.00,0,0,0.000,0,0.0000,0.0,0,0,0
286,Alpha Trianguli,1,47,29,6,01h52m42.0397s,+29d35m38.6822s,28,312,3.6,F5,0.23,0.045,0.007,0.021,*,390.00,,01 47 22.6,+29 05 30,3.41,F6   IV,ALP Tri,0.231,177,0.0535,10.1,G,01 53 04.8,+29 34 44
287,Gamma Persei,2,58,53,7,03h05m15.1197s,+53d30m27.365s,52,654,3.1,*,0.012,0.01,6.0,20.0,*,632.00,A,02 57 32.9,+53 06 53,2.93,"G8+A2III,V",GAM Per,0.002,147,0.0126,5.5,G,03 04 47.8,+53 30 23
288,Lalande 6772,3,37,42,18,03h43m47.6784s,+42d37m06.9269s,42,812,7.4,G0,0.42,0.026,8.0,23.0,*,768.00,,03 36 54.0,+42 18 00,10.50,,Anonymous,0.436,124,-0.0018,25.7,,03 43 44.9,+42 36 43
,,,,,,,,,,,,,,,,*,769.00,A,03 36 56.7,+42 17 30,7.47,G2   V,,0.444,124,0.0247,11.0,G,03 43 47.6,+42 36 12
,,,,,,,,,,,,,,,,*,769.00,B,03 36 52.5,+42 17 40,10.50,,,,,,,,03 43 40.1,+42 36 48
289,104 Tauri,5,2,18,31,05h07m51.0264s,+18d38m57.0785s,18,779,5,G0,0.54,0.055,8.0,26.0,,1152.00,M,05 01 32.2,+18 30 38,5.00,G4   V,104 Tau,0.535,87,0.0587,4.9,G,05 07 26.9,+18 38 41
,,,,,,,,,,,,,,,,,1152.00,A,05 01 32.2,+18 30 38,5.60,G4   V,104 Tau,0.535,87,0.0587,4.9,G,05 07 26.9,+18 38 41
290,18 Camelopardi,5,24,57,9,05h32m32.6823s,+57d13m36.6126s,57,889,6.5,G0,0.25,0.009,6.0,19.0,,1245.00,,05 23 59.7,+57 09 01,6.48,F8   V,18 Cam,0.249,152,0.0102,8.9,G,05 32 33.7,+57 13 15
291,Groombridge 990,5,30,51,23,05h37m53.8042s,+51d26m47.3577s,51,1094,7.9,K0,0.56,0.035,6.0,16.0,*,1274.00,,05 30 23.9,+51 22 49,7.73,K2   V,Groom 990,0.560,281,0.0428,6.8,G,05 38 11.8,+51 26 44
292,Piazzi 146,5,33,53,26,05h41m06.8334s,+53d29m20.3234s,53,934,6.4,K0,0.51,0.083,6.0,20.0,*,1289.00,A,05 33 13.3,+53 26 25,6.23,K1   V,,0.512,178,0.0839,4.0,G,05 41 20.3,+53 28 52
,,,,,,,,,,,,,,,,*,1291.00,,05 33 23.6,+53 26 57,9.60,M2   d,G 191-051,0.495,177,0.0887,4.4,G,05 41 30.7,+53 29 24
293,Lalande 10797,5,39,37,15,05h45m48.7884s,+37d17m33.7125s,37,1312,7.3,K0,0.71,0.086,6.0,20.0,*,1314.00,,05 39 09.0,+37 15 23,7.36,K0   V,Lal 10797,0.709,136,0.0567,4.0,P,05 46 01.9,+37 17 04
294,Delta Aurigae,5,51,54,17,05h59m13.252s,+54d17m42.7434s,54,970,3.9,K,0.15,0.023,9.0,28.0,*,1367.00,,05 51 17.5,+54 16 37,3.72,K0-  III,DEL Aur,0.151,146,0.0232,6.7,G,05 59 31.6,+54 17 05
295,Lalande 16933,8,32,26,24,08h37m58.731s,+26d03m05.3335s,26,1816,7.6,G5,0.24,0.022,10.0,29.0,,2052.00,,08 32 10.7,+26 24 10,7.56,G2   d,,0.226,211,0.0250,15.4,,08 38 08.5,+26 02 55
296,81 Cancri,9,7,15,24,09h12m31.9355s,+14d59m23.431s,15,2003,6.4,G0,0.57,0.065,8.0,24.0,*,2193.00,A,09 06 49.2,+15 23 56,6.51,G9   V,PI1 Cnc,0.580,294,0.0477,5.1,G,09 12 17.5,+14 59 45
297,Theta Ursae Majoris,9,26,52,8,09h32m51.5258s,+51d41m32.6739s,52,1401,3.3,F8,1.09,0.057,9.0,22.0,,2266.00,,09 26 10.2,+52 07 59,3.17,F6   IV,THE UMa,1.095,240,0.0689,5.7,F,09 32 51.4,+51 40 37
298,Lalande 18721,9,27,27,26,09h32m49.2409s,+26d59m30.1178s,27,1775,7.1,K0,0.28,0.05,9.0,28.0,,2269.00,,09 26 55.6,+27 26 12,7.01,K0   V,,0.292,209,0.0536,13.9,,09 32 43.8,+26 59 17
299,20 Leonis Minoris,9,55,32,25,10h00m50.0872s,+31d56m13.1459s,32,1964,5.6,F2,0.68,0.069,9.0,25.0,,2366.00,,09 55 14.8,+32 24 56,5.36,G3   VaHd*,20 LMi,0.684,230,0.0652,1.9,F,10 01 00.7,+31 55 25
300,Groombridge 1603,9,58,38,30,10h03m59.6806s,+38d00m59.6206s,38,2096,6.8,F5,0.17,0.027,10.0,28.0,,2374.00,A,09 57 54.6,+38 30 24,6.80,F7   V,,0.153,222,0.0308,15.4,,10 03 53.5,+38 01 13
,,,,,,,,,,,,,,,,,2374.00,B,09 57 54.0,+38 30 00,13.49,,,,,,,,10 03 53.7,+38 01 01
301,37 Ursae Majoris,10,29,57,36,10h35m25.3123s,+57d05m00.6781s,57,1277,5.2,F0,0.07,0.029,11.0,26.0,,2472.00,,10 28 43.3,+57 35 51,5.16,F1   V,37 UMa,0.074,61,0.0334,9.5,F,10 35 09.6,+57 04 57
302,47 Ursae Majoris,11,54,40,58,11h59m09.1024s,+40d24m35.6438s,41,2147,5.1,F0,0.32,0.075,10.0,26.0,,2556.00,,10 53 52.0,+40 57 51,5.05,G1-  VFe-*,47 UMa,0.324,279,0.0767,7.8,G,10 59 27.9,+40 25 48
303,Lalande 22908,12,8,11,24,12h13m06.1776s,+10d50m37.5455s,11,2439,7.9,G5,0.59,0.023,10.0,26.0,*,2814.00,,12 08 06.8,+11 23 38,7.57,G3   V,CI 18-1524,0.585,178,0.0161,10.7,G,12 13 13.1,+10 49 18
304,10 Canum Venaticorum,12,40,39,49,12h44m47.0936s,+39d16m09.6187s,40,2570,6,F0,0.38,0.058,5.0,11.0,,2935.00,,12 40 15.5,+39 49 19,5.95,G0   V,10 CVn,0.392,292,0.0628,6.1,G,12 44 59.4,+39 16 44
305,Lalande 23900,12,44,25,23,12h48m54.7774s,+24d50m16.4664s,25,2568,6.4,F2,0.37,0.021,12.0,31.0,,2945.00,,12 43 54.7,+25 23 19,6.31,G7   V,Lal 23900,0.358,252,0.0407,12.7,G,12 48 47.0,+24 50 25
306,Piazzi 200,13,42,56,23,13h45m40.2232s,+55d52m57.6622s,56,1683,6.4,F0,0.37,0.022,8.0,21.0,,3138.00,,13 41 31.3,+56 23 25,6.50,F7   IV-V,,0.376,164,0.0255,12.5,,13 45 13.2,+55 52 45
307,B. D. +19  2881,14,49,19,33,14h53m35.4929s,+19d08m29.7579s,19,2881,6,K0,0.48,0.081,8.0,16.0,,3367.00,,14 48 51.3,+19 33 19,6.01,K2   V,Lal 27137,0.497,296,0.0864,5.2,G,14 53 23.7,+19 09 10
308,Lalande 27922,15,15,-8,18,15h20m22.5225s,-08d39m43.9358s,-8,3949,7.9,F8,0.21,-0.01,9.0,22.0,0,0.00,0,0,0,0.00,0,0,0.000,0,0.0000,0.0,0,0,0
309,Groombridge 2273. . . .,15,42,53,18,15h44m39.8804s,+52d59m14.2125s,53,1806,7.3,G5,0.26,0.01,10.0,26.0,,3571.00,,15 41 44.3,+53 17 42,7.40,G2   d,,0.263,284,0.0136,15.4,,15 44 21.6,+52 59 01
310,12 Ophiuchi,16,31,-2,7,16h36m12.202s,-02d19m17.906s,-2,3220,5.9,F0,0.55,0.083,9.0,26.0,*,3773.00,,16 31 06.1,-02 06 40,5.75,K2   V,BD -02 4211,0.552,125,0.0948,4.6,P,16 36 21.4,-02 19 28
311,35 Draconis,17,54,76,59,17h49m30.089s,+76d57m47.8678s,76,667,5,F5,0.24,0.033,11.0,27.0,,4105.00,,17 53 55.4,+76 58 34,5.04,F6   IV-V*,35 Dra,0.249,10,0.0306,8.0,G,17 49 27.0,+76 57 46
312,B. D. +8  3692,18,22,8,34,18h26m47.2992s,+08d37m32.9875s,8,3692,8.5,G5,0.51,0.037,12.0,24.0,0,0.00,0,0,0,0.00,0,0,0.000,0,0.0000,0.0,0,0,0
313,Weisse 1064,18,37,31,28,18h40m46.6254s,+31d33m38.5393s,31,3330,8.7,K2,0.82,0.028,8.0,19.0,*,4314.00,A,18 37 07.5,+31 27 42,8.54,K3   V,CI 18-2450,0.832,175,0.0315,9.9,G,18 40 54.9,+31 31 59
,,,,,,,,,,,,,,,,*,4314.00,B,18 37 06.0,+31 28 00,11.38,M0,,0.824,175,,,,18 40 53.3,+31 32 17
314,Lalande 39866,20,35,4,37,20h39m58.7242s,+04d58m11.6429s,4,4510,8.4,K5,0.84,0.045,11.0,28.0,*,4920.00,M,20 34 33.1,+04 37 01,7.88,K5   Va,Lal 39866,0.882,84,0.0630,4.0,G,20 39 37.7,+04 58 19
,,,,,,,,,,,,,,,,*,4920.00,A,20 34 33.1,+04 37 01,8.18,K4   V,Lal 39866,0.882,84,0.0630,4.0,G,20 39 37.7,+04 58 19
,,,,,,,,,,,,,,,,*,4920.00,B,20 34 36.0,+04 37 00,9.40,K8   V,,,,,,,20 39 34.8,+04 58 09
315,56 Cygni,20,47,43,41,20h50m32.2039s,+44d03m26.3425s,43,3739,5.1,A8,0.18,0.029,6.0,15.0,*,4984.00,,20 46 31.7,+43 40 57,5.04,A4m  $\de*,56 Cyg,0.183,43,0.0231,6.9,F,20 50 04.9,+44 03 33
316,Fedorenko 3638,20,52,74,23,20h51m12.6322s,+74d45m44.7282s,74,889,7.8,G5,0.69,0.037,9.0,23.0,*,5020.00,,20 52 21.6,+74 23 04,7.80,G8   V,Lal F 3638,0.705,36,0.0447,8.6,G,20 51 45.0,+74 46 49
317,Nu Pegasi,22,1,4,34,22h06m01.9145s,+05d03m11.2023s,4,4800,4.9,K0,0.14,0.01,9.0,19.0,0,0.00,0,0,0,0.00,0,0,0.000,0,0.0000,0.0,0,0,0
318,Delta Cephei,22,25,57,54,22h28m42.326s,+58d24m41.3009s,57,2548,Var.,G0,0.02,0.006,6.0,15.0,*,5443.00,A,22 25 27.3,+57 54 11,3.75,F5-G2Ib,DEL Cep,0.014,66,0.0088,4.8,G,22 29 10.2,+58 24 54
,,,,,,,,,,,,,,,,*,5443.00,C,22 25 30.0,+57 54 00,6.30,B7   V,,0.013,67,,,,22 29 13.0,+58 24 43
319,Iota Cephei,22,46,65,40,22h49m34.6717s,+66d11m45.9162s,65,1814,3.7,K0,0.14,0.027,7.0,21.0,,5532.00,,22 46 07.0,+65 40 27,3.52,K0-  III,IOT Cep,0.136,209,0.0260,1.5,G,22 49 40.8,+66 12 01
320,Piazzi 267,0,0,34,6,00h05m08.4133s,+34d39m24.4533s,33,4828,6.2,F0,0.77,0.04,0.009,0.024,,5819.00,,23 59 39.2,+34 06 01,6.12,G2   V,Lal 47207,0.776,83,0.0334,9.4,G,00 04 53.7,+34 39 34
321,Sigma 42 (brighter),0,31,29,27,00h36m18.5527s,+30d00m03.0026s,,,9,,0.45,0.032,6.0,17.0,,98.00,M,00 30 42.4,+29 27 12,7.94,G2   V CO*,,0.441,155,0.0268,7.4,G,00 36 02.3,+29 59 35
,,,,,,,,,,,,,,,,,98.00,A,00 30 42.4,+29 27 12,8.43,G2   V,,0.441,155,0.0268,7.4,G,00 36 02.3,+29 59 35
,,,,,,,,,,,,,,,,,98.00,B,00 30 42.0,+29 27 00,9.25,G5   V,,0.442,155,,,,00 36 01.9,+29 59 23
322,Sigma 42 (fainter),0,31,29,27,00h36m18.5527s,+30d00m03.0026s,,,9.8,,,0.013,10.0,28.0,,98.00,M,00 30 42.4,+29 27 12,7.94,G2   V CO*,,0.441,155,0.0268,7.4,G,00 36 02.3,+29 59 35
,,,,,,,,,,,,,,,,,98.00,A,00 30 42.4,+29 27 12,8.43,G2   V,,0.441,155,0.0268,7.4,G,00 36 02.3,+29 59 35
,,,,,,,,,,,,,,,,,98.00,B,00 30 42.0,+29 27 00,9.25,G5   V,,0.442,155,,,,00 36 01.9,+29 59 23
,Mean,,,,,0,0,29,105,8.6,F8,,0.027,5.0,,0,0.00,0,0,0,0.00,0,0,0.000,0,0.0000,0.0,0,0,0
323,54 Piscium,0,34,20,43,00h39m15.5481s,+21d15m59.028s,20,85,6.1,K0,0.6,0.096,7.0,24.0,*,110.00,,00 34 09.4,+20 42 40,5.87,K0+  V,54 Psc,0.588,231,0.0962,6.3,G,00 39 21.7,+21 15 01
324,55 Piscium,0,35,20,53,00h40m15.8424s,+21d25m57.6136s,20,87,5.6,K0,0.05,0.003,6.0,17.0,,113.00,A,00 34 39.5,+20 53 23,5.36,K0   II-I*,55 Psc,0.042,136,0.0077,9.8,,00 39 55.5,+21 26 18
,,,,,,,,,,,,,,,,,113.00,B,00 34 42.0,+20 53 00,8.67,F3   V,,,,,,,00 39 57.8,+21 25 58
325,Lalande 1045,0,35,39,39,00h40m25.7092s,+40d11m57.4962s,39,154,7.5,K0,0.8,0.086,6.0,15.0,*,116.00,,00 35 20.3,+39 39 23,7.36,K2   V,Lal 1045,0.746,152,0.0596,6.5,F,00 40 49.2,+40 11 14
326,Beta Andromedae,1,4,35,5,01h09m34.6245s,+35d37m00.0561s,34,198,2.4,Ma,0.22,0.033,7.0,19.0,,238.00,,01 04 07.7,+35 05 25,2.06,M0+  IIIa,BET And,0.208,121,0.0477,7.9,G,01 09 43.9,+35 37 13
327,Piazzi 142,1,36,42,7,01h41m58.4163s,+42d37m20.4901s,41,328,5.1,F8,0.82,0.081,7.0,22.0,,350.00,,01 35 41.5,+42 06 42,4.95,G1.5 V,,0.826,100,0.0742,4.4,G,01 41 47.1,+42 36 48
328,9 Lambda Arietis,1,52,23,7,01h57m35.1057s,+23d36m18.3342s,22,288,4.8,A5,0.09,0.023,8.0,21.0,,407.00,,01 52 21.2,+23 06 30,4.79,F0   V,LAM Ari,0.096,263,0.0263,10.2,G,01 57 55.7,+23 35 45
329,8 Delta Trianguli,2,11,33,46,02h16m57.1301s,+34d13m51.7006s,33,395,5.1,G0,0.081,0.062,8.0,22.0,,464.00,,02 10 56.8,+33 45 59,4.87,G0.5 V,DEL Tri,1.179,101,0.0965,3.7,X,02 17 03.2,+34 13 27
330,Piazzi 123,2,31,6,25,02h36m17.0451s,+06d51m10.7387s,6,398,5.9,K0,2.32,0.145,8.0,23.0,0,0.00,0,0,0,0.00,0,0,0.000,0,0.0000,0.0,0,0,0
331,10 Tauri,3,32,0,5,03h37m07.8536s,+00d24m48.3788s,0,572,4.4,G5,0.53,0.055,10.0,29.0,,753.00,,03 31 46.0,+00 05 04,4.28,F9   IV-V,10 Tau,0.535,206,0.0648,6.1,G,03 36 52.3,+00 24 06
332,38 Omicron Persei,3,38,31,58,03h44m16.3638s,+32d17m01.6153s,31,642,3.9,B1,0.028,0,7.0,19.0,,776.00,,03 38 02.7,+31 58 18,3.83,B1   III,OMI Per,0.027,193,0.0212,7.7,G,03 44 19.0,+32 17 16
333,Groombridge 864,4,35,41,56,04h42m00.3093s,+42d07m37.8896s,41,931,7.3,G0,0.69,0.021,7.0,23.0,*,1032.00,,04 34 31.2,+41 56 07,7.28,G2   V,Groom 864,0.687,128,0.0240,8.5,G,04 41 36.2,+42 07 06
334,Companion to Capella,5,10,45,44,05h17m21.965s,+45d50m42.3516s,,,10.5,,0.42,0.71,8.0,21.0,,1193.00,A,05 10 00.0,+45 44 00,10.16,M2   d,Capella H,0.430,169,0.0760,3.6,G,05 17 22.7,+45 50 00
,,,,,,,,,,,,,,,,,1193.00,B,05 10 00.0,+45 44 00,13.70,M4:,Capella L,,,,,,05 17 21.9,+45 50 42
335,Eta Geminorum,6,9,22,32,06h15m02.7174s,+22d30m14.8677s,22,1241,Var.,Ma,0.06,0.016,8.0,28.0,,1444.00,,06 08 50.4,+22 32 09,3.28,M3   III,ETA Gem,0.058,257,0.0156,8.0,G,06 14 52.7,+22 30 24
336,Lalande 12293,6,22,36,33,06h28m45.7385s,+36d29m18.4291s,36,1442,7.1,G0,0.39,0.032,7.0,21.0,*,1498.00,,06 22 02.7,+36 32 51,7.12,G0   d,,0.363,234,0.0348,11.1,,06 28 46.0,+36 28 48
337,19 Lyncis (fainter),7,15,55,28,07h23m09.5041s,+55d16m41.9269s,,,6.5,A,,-0.004,7.0,22.0,,1724.00,A,07 14 42.5,+55 28 11,5.45,B8   V,19 Lyn,0.031,184,0.0105,7.8,F,07 22 52.0,+55 16 52
,,,,,,,,,,,,,,,,,1724.00,B,07 14 41.2,+55 28 22,6.53,B9   V,19 Lyn,0.026,170,,,,07 22 50.8,+55 17 04
338,19 Lyncis (brighter),7,15,55,28,07h23m09.5041s,+55d16m41.9269s,,,5.6,B8,,0.007,8.0,23.0,,1724.00,A,07 14 42.5,+55 28 11,5.45,B8   V,19 Lyn,0.031,184,0.0105,7.8,F,07 22 52.0,+55 16 52
,,,,,,,,,,,,,,,,,1724.00,B,07 14 41.2,+55 28 22,6.53,B9   V,19 Lyn,0.026,170,,,,07 22 50.8,+55 17 04
,Mean,,,,,0,0,55,1192,,,0.033,0.001,5.0,,0,0.00,0,0,0,0.00,0,0,0.000,0,0.0000,0.0,0,0,0
339,Omicron Leonis,9,36,10,21,09h41m21.1849s,+09d53m44.5943s,36,2044,3.8,F5,0.15,0.024,8.0,24.0,*,2299.00,M,09 35 48.8,+10 20 50,3.52,"F6+  II,A*",OMI Leo,0.149,254,0.0317,10.2,G,09 41 09.0,+09 53 32
,,,,,,,,,,,,,,,,*,2299.00,A,09 35 48.8,+10 20 50,3.52,*,OMI Leo,0.149,254,0.0317,10.2,G,09 41 09.0,+09 53 32
340,60 Leonia,10,57,20,43,11h02m20.3521s,+20d10m44.4678s,20,2547,4.4,A,0.029,0.007,8.0,20.0,,2572.00,,10 56 59.4,+20 42 58,4.42,A1m,60 Leo,0.038,351,0.0142,12.5,,11 02 19.7,+20 10 47
341,Piazzi 40,12,14,17,6,12h19m04.4736s,+16d32m40.6383s,17,2462,7,G5,0.24,0.019,8.0,21.0,,2836.00,,12 14 03.2,+17 06 28,7.07,G2   V,,0.241,230,0.0226,12.5,,12 19 06.4,+16 32 54
342,Lalande 24414,13,4,5,46,13h09m03.7037s,+05d13m59.2985s,6,2697,6.7,G0,0.68,0.035,9.0,24.0,,3002.00,,13 03 46.7,+05 45 34,6.80,G5   IV,G 060-067,0.685,173,0.0445,10.5,G,13 08 51.0,+05 12 25
343,Sigma 2106,16,46,9,35,16h50m46.1115s,+09d24m43.7644s,9,3287,6.8,F8,,-0.004,9.0,26.0,0,0.00,0,0,0,0.00,0,0,0.000,0,0.0000,0.0,0,0,0
344,Sigma 2128,17,2,59,43,17h03m26.2558s,+59d34m44.1841s,59,1783,9.1,K0,0.43,0.039,8.0,20.0,,3886.00,A,17 01 57.0,+59 42 59,8.65,K4   V,SIG 2128A,0.446,304,0.0450,7.9,G,17 03 18.4,+59 35 07
,,,,,,,,,,,,,,,,,3886.00,B,17 01 58.3,+59 43 06,10.31,M0   V,SIG 2128B,0.459,305,,,,17 03 19.6,+59 35 16
345,Weisse 1805,17,58,26,20,18h02m01.2413s,+26d20m00.1124s,26,3151,7.1,K0,0.72,0.035,11.0,27.0,0,0.00,0,0,0,0.00,0,0,0.000,0,0.0000,0.0,0,0,0
346,Lalande 33439,18,6,38,27,18h09m21.2993s,+38d28m07.1625s,38,3095,6.4,G,0.58,0.095,6.0,16.0,,4171.00,,18 06 18.7,+38 27 04,6.40,K2   V,Lal 33439,0.557,216,0.0901,3.7,G,18 09 37.3,+38 27 28
347,111 Herculis,18,43,18,4,18h47m24.5001s,+18d10m32.8503s,18,3823,4.4,A3,0.13,0.051,9.0,26.0,*,4336.00,,18 42 36.2,+18 04 12,4.36,A5   III,111 Her,0.136,32,0.0311,6.6,F,18 47 01.2,+18 10 53
348,31 b Aquilae,19,20,11,44,19h24m41.1799s,+11d55m44.8549s,11,3833,5.2,G5,0.96,0.055,11.0,28.0,*,4541.00,,19 20 12.0,+11 43 49,5.16,G8   IVHd*,31 Aql,0.966,49,0.0636,4.0,G,19 24 58.2,+11 56 39
349,38 Mu Aquilae,19,29,7,10,19h33m51.6668s,+07d22m58.6899s,7,4132,4.6,K,0.27,0.016,8.0,18.0,,4579.00,,19 29 12.2,+07 09 59,4.45,K3-  IIIb*,MU Aql,0.264,126,0.0305,1.8,F,19 34 05.4,+07 22 44
350,Groombridge 2875,19,29,58,23,19h30m45.9446s,+58d35m46.2187s,58,1929,6.7,K0,0.66,0.025,6.0,16.0,*,4581.00,,19 29 28.3,+58 22 59,6.59,K2-  V,Groom 2875,0.648,233,0.0493,5.0,F,19 31 08.0,+58 35 09
351,Lalande 37120,19,30,32,59,19h33m47.2028s,+33d12m02.4216s,32,3474,6.6,G0,0.52,0.027,10.0,24.0,,4585.00,,19 29 43.5,+32 58 44,6.61,G0   V,Lal 37120,0.520,297,0.0314,3.6,G,19 33 27.0,+33 12 07
352,17 Cygni,19,43,33,30,19h46m47.6669s,+33d44m45.8255s,33,3587,5,F5,0.45,0.03,7.0,18.0,,4654.00,A,19 42 37.7,+33 29 41,4.99,F7   V,SIG 2580A,0.444,179,0.0450,2.8,G,19 46 25.5,+33 43 39
,,,,,,,,,,,,,,,,,4654.00,B,19 42 39.6,+33 29 49,8.56,K6   d,SIG 2580B,0.443,178,,,,19 46 27.4,+33 43 48
353,Lalande 38383,20,0,23,5,20h04m17.9949s,+23d21m58.5574s,22,3908,7.2,K2,1.37,0.038,7.0,20.0,*,4762.00,,19 59 41.4,+23 05 01,7.24,K2   V,Lal 38383,1.353,229,0.0627,1.2,F,20 03 52.1,+23 20 27
354,Lalande 38380,20,0,29,38,20h04m01.5113s,+29d54m57.5237s,29,3872,5.7,K,0.86,0.044,7.0,18.0,*,4759.00,,19 59 30.6,+29 37 47,5.71,G8   IV-V,Lal 38380,0.864,128,0.0574,2.9,G,20 03 37.4,+29 53 48
355,Groombridge 3243,20,34,42,29,20h37m31.6105s,+42d49m59.9447s,42,3807,7.1,F8,0.2,-0.005,9.0,26.0,,4914.00,,20 34 26.3,+42 29 24,7.04,F6   d,,0.195,26,-0.0027,13.9,,20 37 58.9,+42 50 44
356,Oeltzen 21338,20,51,61,48,20h53m03.6702s,+62d10m47.3679s,61,2068,8.6,K0,0.77,0.134,7.0,18.0,*,5010.00,,20 51 03.8,+61 47 25,8.60,F8,Vys 199B,0.035,56,-0.0018,4.4,G,20 53 08.1,+62 10 14
,,,,,,,,,,,,,,,,*,5012.00,,20 51 15.8,+61 47 44,8.55,M2   V,G 231-019,0.772,181,0.1335,3.6,G,20 53 19.8,+62 09 15
357,Lalande 40848,20,59,45,29,21h02m30.9379s,+45d52m42.1607s,45,3371,8.1,K2,0.4,0.044,9.0,20.0,,5061.00,A,20 59 05.9,+45 29 08,7.68,K2.5 V,G 212-017,0.422,70,0.0464,5.8,G,21 02 40.7,+45 53 05
,,,,,,,,,,,,,,,,,5064.00,,20 59 17.3,+45 27 12,6.48,B3   Vn,,0.007,35,0.0015,10.7,G,21 02 48.6,+45 50 56
358,Beta 1138,20,59,45,27,21h02m31.0505s,+45d50m42.1665s,45,3374,6.2,B8,,-0.004,11.0,28.0,,5061.00,A,20 59 05.9,+45 29 08,7.68,K2.5 V,G 212-017,0.422,70,0.0464,5.8,G,21 02 40.7,+45 53 05
,,,,,,,,,,,,,,,,,5064.00,,20 59 17.3,+45 27 12,6.48,B3   Vn,,0.007,35,0.0015,10.7,G,21 02 48.6,+45 50 56
359,Lalande 41685,21,21,0,41,21h26m06.0636s,+01d06m55.3925s,0,4726,6.4,F2,0.19,0.047,10.0,24.0,0,0.00,0,0,0,0.00,0,0,0.000,0,0.0000,0.0,0,0,0
360,Lalande 41818,21,25,11,50,21h29m49.7629s,+12d16m16.4918s,11,4578,7.7,G0,0.18,0.001,8.0,23.0,,5179.00,,21 25 19.3,+11 50 10,7.20,F5   d,,0.178,219,0.0042,12.5,,21 30 08.4,+12 16 14
361,Lalande 42286,21,37,26,18,21h41m28.9433s,+26d45m18.2581s,26,4237,7.4,G5,0.36,0.028,7.0,18.0,0,0.00,0,0,0,0.00,0,0,0.000,0,0.0000,0.0,0,0,0
362,Mu Cephei,21,40,58,19,21h43m03.2736s,+58d46m29.7145s,58,2316,Var.,Ma,0.004,0.005,8.0,25.0,,5252.00,,21 40 26.7,+58 19 17,4.08,M2-  Ia,MU Cep,0.003,131,0.0050,5.7,G,21 43 30.4,+58 46 48
363,Lalande 42843,21,53,3,18,21h58m03.1164s,+03d46m36.1359s,3,4644,7.1,F8,0.31,0.025,10.0,28.0,0,0.00,0,0,0,0.00,0,0,0.000,0,0.0000,0.0,0,0,0
364,Lalande 43492,22,12,12,24,22h16m54.0573s,+12d53m55.7345s,12,4797,6.9,G0,0.85,0.033,9.0,23.0,,5398.00,,22 12 15.2,+12 23 48,7.04,G2   V,Lal 43492,0.854,84,0.0370,5.4,G,22 17 15.1,+12 53 54
365,Piazzi 218,23,48,74,59,23h52m46.0838s,+75d32m22.8169s,74,1047,6.5,K0,0.33,0.092,5.0,15.0,*,5772.00,A,23 47 31.8,+74 59 13,6.39,K3   V,G 242-042,0.309,80,0.0967,3.8,G,23 52 25.0,+75 32 40
